/*
Navicat MySQL Data Transfer

Source Server         : localhost
Source Server Version : 50717
Source Host           : localhost:3306
Source Database       : autotest

Target Server Type    : MYSQL
Target Server Version : 50717
File Encoding         : 65001

Date: 2017-07-03 09:51:39
*/

SET FOREIGN_KEY_CHECKS=0;

-- ----------------------------
-- Table structure for a_account
-- ----------------------------
DROP TABLE IF EXISTS `a_account`;
CREATE TABLE `a_account` (
  `id` int(11) NOT NULL AUTO_INCREMENT,
  `loginname` varchar(255) COLLATE utf8_bin NOT NULL,
  `password` varchar(255) COLLATE utf8_bin NOT NULL,
  `token` varchar(1) COLLATE utf8_bin NOT NULL,
  `create_time` datetime DEFAULT NULL,
  `update_time` datetime DEFAULT NULL,
  `memo` varchar(255) COLLATE utf8_bin DEFAULT NULL,
  PRIMARY KEY (`id`)
) ENGINE=InnoDB AUTO_INCREMENT=3 DEFAULT CHARSET=utf8 COLLATE=utf8_bin;

-- ----------------------------
-- Records of a_account
-- ----------------------------
INSERT INTO `a_account` VALUES ('1', '13151815253', 'zhouzhou', '0', '2017-06-09 17:51:39', '2017-06-29 14:30:57', null);
INSERT INTO `a_account` VALUES ('2', '13151815555', '9b9374ca02ee4142a3a64fd90d3756cd,08e9c26cc56b41b78c0ec4216d37bb7b', '1', '2017-06-28 18:52:21', '2017-06-29 14:32:29', null);

-- ----------------------------
-- Table structure for a_case
-- ----------------------------
DROP TABLE IF EXISTS `a_case`;
CREATE TABLE `a_case` (
  `id` int(11) NOT NULL AUTO_INCREMENT,
  `interface_id` int(11) NOT NULL,
  `version_id` int(11) NOT NULL,
  `name` varchar(255) COLLATE utf8_bin NOT NULL,
  `run` int(1) NOT NULL,
  `link` varchar(255) COLLATE utf8_bin DEFAULT NULL,
  `body` text COLLATE utf8_bin,
  `result` text COLLATE utf8_bin,
  `strategy` varchar(2048) COLLATE utf8_bin DEFAULT NULL,
  `create_time` datetime DEFAULT NULL,
  `update_time` datetime DEFAULT NULL,
  `memo` varchar(255) COLLATE utf8_bin DEFAULT NULL,
  PRIMARY KEY (`id`)
) ENGINE=InnoDB AUTO_INCREMENT=4 DEFAULT CHARSET=utf8 COLLATE=utf8_bin;

-- ----------------------------
-- Records of a_case
-- ----------------------------
INSERT INTO `a_case` VALUES ('1', '21', '1', '个人中心-获取用户金叶子数', '1', '', null, null, '', '2017-06-13 17:03:59', '2017-06-16 09:21:19', null);
INSERT INTO `a_case` VALUES ('2', '20', '1', '个人中心-获取用户个人信息', '1', '1', null, null, 'headImg,userId,useAmount', '2017-06-13 17:24:43', '2017-06-27 18:29:32', null);
INSERT INTO `a_case` VALUES ('3', '13', '2', '个人中心-消息-未读数量', '1', '', null, 0x7B7D, '', '2017-06-20 09:24:58', '2017-06-29 14:34:22', null);

-- ----------------------------
-- Table structure for a_interface
-- ----------------------------
DROP TABLE IF EXISTS `a_interface`;
CREATE TABLE `a_interface` (
  `id` int(11) NOT NULL AUTO_INCREMENT,
  `project_id` int(11) NOT NULL,
  `name` varchar(255) COLLATE utf8_bin NOT NULL,
  `type` varchar(255) COLLATE utf8_bin NOT NULL,
  `url` varchar(2083) COLLATE utf8_bin NOT NULL,
  `description` varchar(1024) COLLATE utf8_bin DEFAULT NULL,
  `create_time` datetime DEFAULT NULL,
  `update_time` datetime DEFAULT NULL,
  `memo` varchar(255) COLLATE utf8_bin DEFAULT NULL,
  PRIMARY KEY (`id`)
) ENGINE=InnoDB AUTO_INCREMENT=72 DEFAULT CHARSET=utf8 COLLATE=utf8_bin;

-- ----------------------------
-- Records of a_interface
-- ----------------------------
INSERT INTO `a_interface` VALUES ('1', '1', '登录-QQ登录回调', 'POST', '/api/oauth/qqprovider/appLogin', null, '2017-06-09 17:49:04', '2017-06-16 09:10:51', null);
INSERT INTO `a_interface` VALUES ('2', '1', '下载-App落地页', 'POST', '/api/app/download/regis', null, '2017-06-09 17:49:04', '2017-06-16 09:10:51', null);
INSERT INTO `a_interface` VALUES ('3', '1', '个人中心-App信息上报', 'POST', '/api/app/usercenter/uploadChannel', null, '2017-06-09 17:49:04', '2017-06-16 09:10:51', null);
INSERT INTO `a_interface` VALUES ('4', '1', '个人中心-保存地址', 'POST', '/api/app/usercenter/saveReceiverInfo', null, '2017-06-09 17:49:04', '2017-06-16 09:10:51', null);
INSERT INTO `a_interface` VALUES ('5', '1', '个人中心-修改昵称', 'POST', '/api/app/usercenter/updateNickname', null, '2017-06-09 17:49:04', '2017-06-16 09:10:51', null);
INSERT INTO `a_interface` VALUES ('6', '1', '个人中心-头像修改', 'POST', '/api/app/usercenter/updateHeadImg', '上传头像文件 name=\"file\" 文件大小2M之内', '2017-06-09 17:49:04', '2017-06-16 09:10:51', null);
INSERT INTO `a_interface` VALUES ('7', '1', '个人中心-帮助中心', 'POST', '/api/app/usercenter/helpCenter', null, '2017-06-09 17:49:04', '2017-06-16 09:10:51', null);
INSERT INTO `a_interface` VALUES ('8', '1', '个人中心-手机绑定', 'POST', '/api/app/usercenter/userPhoneBind', null, '2017-06-09 17:49:04', '2017-06-16 09:10:51', null);
INSERT INTO `a_interface` VALUES ('9', '1', '个人中心-推送-获取状态', 'GET', '/api/app/usercenter/propFlag', null, '2017-06-09 17:49:04', '2017-06-16 09:10:51', null);
INSERT INTO `a_interface` VALUES ('10', '1', '个人中心-推送-设置状态', 'GET', '/api/app/usercenter/setPropFlag', null, '2017-06-09 17:49:04', '2017-06-16 09:10:51', null);
INSERT INTO `a_interface` VALUES ('11', '1', '个人中心-明细-充值', 'POST', '/api/app/usercenter/getTransDetails', null, '2017-06-09 17:49:04', '2017-06-16 09:10:51', null);
INSERT INTO `a_interface` VALUES ('12', '1', '个人中心-明细-金叶子明细', 'POST', '/api/app/usercenter/findLeafList', null, '2017-06-09 17:49:04', '2017-06-16 09:10:51', null);
INSERT INTO `a_interface` VALUES ('13', '1', '个人中心-消息-未读数量', 'POST', '/api/app/usermessage/getUnreadCount', null, '2017-06-09 17:49:04', '2017-06-16 09:10:51', null);
INSERT INTO `a_interface` VALUES ('14', '1', '个人中心-消息-状态设置为已读', 'POST', '/api/app/usermessage/updateOneMessageStatus', null, '2017-06-09 17:49:04', '2017-06-16 09:10:51', null);
INSERT INTO `a_interface` VALUES ('15', '1', '个人中心-消息-获取列表', 'POST', '/api/app/usermessage/getMsgList', null, '2017-06-09 17:49:04', '2017-06-16 09:10:51', null);
INSERT INTO `a_interface` VALUES ('16', '1', '个人中心-版本自动更新', 'POST', '/api/app/usercenter/appVersionUpdate', null, '2017-06-09 17:49:04', '2017-06-16 09:10:51', null);
INSERT INTO `a_interface` VALUES ('17', '1', '个人中心-获取地址', 'GET', '/api/app/usercenter/getReceiverInfo', null, '2017-06-09 17:49:04', '2017-06-16 09:10:51', null);
INSERT INTO `a_interface` VALUES ('18', '1', '个人中心-获取手机绑定信息', 'POST', '/api/app/usercenter/getUserPhoneBindInfo', null, '2017-06-09 17:49:04', '2017-06-16 09:10:51', null);
INSERT INTO `a_interface` VALUES ('19', '1', '个人中心-获取手机绑定验证码', 'POST', '/api/app/usercenter/userPhoneBindCode', null, '2017-06-09 17:49:04', '2017-06-16 09:10:51', null);
INSERT INTO `a_interface` VALUES ('20', '1', '个人中心-获取用户个人信息', 'POST', '/api/app/usercenter/getUserPersonalInfo', null, '2017-06-09 17:49:04', '2017-06-16 09:10:51', null);
INSERT INTO `a_interface` VALUES ('21', '1', '个人中心-获取用户金叶子数', 'POST', '/api/app/usercenter/getUseAmount', null, '2017-06-09 17:49:04', '2017-06-16 09:10:51', null);
INSERT INTO `a_interface` VALUES ('22', '1', '个人中心-身份证认证', 'POST', '/api/app/usercenter/idCertification', null, '2017-06-09 17:49:04', '2017-06-16 09:10:51', null);
INSERT INTO `a_interface` VALUES ('23', '1', '主页-列表', 'POST', '/api/index/list', null, '2017-06-09 17:49:04', '2017-06-16 09:10:51', null);
INSERT INTO `a_interface` VALUES ('24', '1', '主页-弹窗', 'GET', '/api/index/windowInfo', null, '2017-06-09 17:49:04', '2017-06-16 09:10:51', null);
INSERT INTO `a_interface` VALUES ('25', '1', '主页-轮播图', 'POST', '/api/index/banner', null, '2017-06-09 17:49:04', '2017-06-16 09:10:51', null);
INSERT INTO `a_interface` VALUES ('26', '1', '公共-当前是否为审核状态', 'GET', '/api/app/usercenter/inAudit', null, '2017-06-09 17:49:04', '2017-06-16 09:10:51', null);
INSERT INTO `a_interface` VALUES ('27', '1', '内部埋点-首页埋点', 'POST', '/api/uic/buryingPoint', 'api_platform', '2017-06-09 17:49:04', '2017-06-16 09:10:51', null);
INSERT INTO `a_interface` VALUES ('28', '1', '分享圈-列表', 'POST', '/api/app/coterie/list', null, '2017-06-09 17:49:04', '2017-06-16 09:10:51', null);
INSERT INTO `a_interface` VALUES ('29', '1', '分享圈-发布', 'POST', '/api/app/coterie/publish', null, '2017-06-09 17:49:04', '2017-06-16 09:10:51', null);
INSERT INTO `a_interface` VALUES ('30', '1', '分享圈-我的分享', 'POST', '/api/app/coterie/mine', null, '2017-06-09 17:49:04', '2017-06-16 09:10:51', null);
INSERT INTO `a_interface` VALUES ('31', '1', '分享圈-点赞', 'POST', '/api/app/coterie/praise', null, '2017-06-09 17:49:04', '2017-06-16 09:10:51', null);
INSERT INTO `a_interface` VALUES ('32', '1', '分享圈-详情', 'POST', '/api/app/coterie/detail', null, '2017-06-09 17:49:04', '2017-06-16 09:10:51', null);
INSERT INTO `a_interface` VALUES ('33', '1', '友盟推送-设备登记', 'POST', '/api/app/device/regis', null, '2017-06-09 17:49:04', '2017-06-16 09:10:51', null);
INSERT INTO `a_interface` VALUES ('34', '1', '友盟推送-设备解绑', 'GET', '/api/app/device/unRegis', null, '2017-06-09 17:49:04', '2017-06-16 09:10:51', null);
INSERT INTO `a_interface` VALUES ('35', '1', '商城-充值列表', 'GET', '/api/app/pay/recharge', null, '2017-06-09 17:49:04', '2017-06-16 09:10:51', null);
INSERT INTO `a_interface` VALUES ('36', '1', '商城-充值列表（NEW）', 'POST', '/api/mall/list', null, '2017-06-09 17:49:04', '2017-06-16 09:10:51', null);
INSERT INTO `a_interface` VALUES ('37', '1', '商城-充值活动列表', 'GET', '/api/app/pay/activityList', null, '2017-06-09 17:49:04', '2017-06-16 09:10:51', null);
INSERT INTO `a_interface` VALUES ('38', '1', '排行榜-初始化', 'GET', '/api/app/ranking/init', null, '2017-06-09 17:49:04', '2017-06-16 09:10:51', null);
INSERT INTO `a_interface` VALUES ('39', '1', '排行榜-橡皮擦使用', 'GET', '/api/app/ranking/clear', null, '2017-06-09 17:49:04', '2017-06-16 09:10:51', null);
INSERT INTO `a_interface` VALUES ('40', '1', '排行榜-盈利榜-昨日榜单', 'GET', '/api/app/ranking/yesterdayInit', null, '2017-06-09 17:49:04', '2017-06-16 09:10:51', null);
INSERT INTO `a_interface` VALUES ('41', '1', '排行榜-盈利榜规则', 'GET', '/api/app/ranking/profitRules', null, '2017-06-09 17:49:04', '2017-06-16 09:10:51', null);
INSERT INTO `a_interface` VALUES ('42', '1', '平台-签到', 'GET', '/api/signed/signing', null, '2017-06-09 17:49:04', '2017-06-16 09:10:51', null);
INSERT INTO `a_interface` VALUES ('43', '1', '平台-签到列表', 'GET', '/api/signed/list', null, '2017-06-09 17:49:04', '2017-06-16 09:10:51', null);
INSERT INTO `a_interface` VALUES ('44', '1', '登录-微信登录', 'POST', '/api/oauth/wechatprovider/login', null, '2017-06-09 17:49:04', '2017-06-16 09:10:51', null);
INSERT INTO `a_interface` VALUES ('45', '1', '忘记密码-发送验证码', 'POST', '/api/app/userpassword/sendForgetVerificationCode', null, '2017-06-09 17:49:04', '2017-06-16 09:10:51', null);
INSERT INTO `a_interface` VALUES ('46', '1', '忘记密码-输入新密码', 'POST', '/api/app/userpassword/newForgetpassword', null, '2017-06-09 17:49:04', '2017-06-16 09:10:51', null);
INSERT INTO `a_interface` VALUES ('47', '1', '支付-H5普通订单', 'POST', '/api/app/order/normal', null, '2017-06-09 17:49:04', '2017-06-16 09:10:51', null);
INSERT INTO `a_interface` VALUES ('48', '1', '支付-H5活动订单', 'POST', '/api/app/order/activity', null, '2017-06-09 17:49:04', '2017-06-16 09:10:51', null);
INSERT INTO `a_interface` VALUES ('49', '1', '支付-支付方式', 'GET', '/api/app/pay/initApp', null, '2017-06-09 17:49:04', '2017-06-16 09:10:51', null);
INSERT INTO `a_interface` VALUES ('50', '1', '支付-订单状态', 'POST', '/api/app/pay/status', null, '2017-06-09 17:49:04', '2017-06-16 09:10:51', null);
INSERT INTO `a_interface` VALUES ('51', '1', '注册-发送验证码', 'POST', '/api/app/userregister/sendVerificationCode', null, '2017-06-09 17:49:04', '2017-06-16 09:10:51', null);
INSERT INTO `a_interface` VALUES ('52', '1', '注册-验证', 'POST', '/api/app/userregister/register', null, '2017-06-09 17:49:04', '2017-06-16 09:10:51', null);
INSERT INTO `a_interface` VALUES ('53', '1', '碎片系统-我的碎片包', 'POST', '/api/fragment/bagMe', '', '2017-06-09 17:49:04', '2017-06-16 09:10:51', null);
INSERT INTO `a_interface` VALUES ('54', '1', '碎片系统-合成', 'POST', '/api/fragment/combine', null, '2017-06-09 17:49:04', '2017-06-16 09:10:51', null);
INSERT INTO `a_interface` VALUES ('55', '1', '福利-列表', 'GET', '/api/app/welfare/awardsListByApp', null, '2017-06-09 17:49:04', '2017-06-16 09:10:51', null);
INSERT INTO `a_interface` VALUES ('56', '1', '福利-列表(新)-带分页', 'POST', '/api/app/welfare/awardsListByAppNew', null, '2017-06-09 17:49:04', '2017-06-16 09:10:51', null);
INSERT INTO `a_interface` VALUES ('57', '1', '福利-列表(碎片)', 'GET', '/api/fragment/findUserFragmentRecordForApp', null, '2017-06-09 17:49:04', '2017-06-16 09:10:51', null);
INSERT INTO `a_interface` VALUES ('58', '1', '福利-领取', 'GET', '/api/app/welfare/drawAwardsByApp', null, '2017-06-09 17:49:04', '2017-06-16 09:10:51', null);
INSERT INTO `a_interface` VALUES ('59', '1', '资讯-审核状态', 'POST', '/api/audit/init', null, '2017-06-09 17:49:04', '2017-06-16 09:10:51', null);
INSERT INTO `a_interface` VALUES ('60', '1', '资讯-收藏', 'POST', '/api/information/collect', null, '2017-06-09 17:49:04', '2017-06-16 09:10:51', null);
INSERT INTO `a_interface` VALUES ('61', '1', '资讯-点赞', 'POST', '/api/information/praise', null, '2017-06-09 17:49:04', '2017-06-16 09:10:51', null);
INSERT INTO `a_interface` VALUES ('62', '1', '资讯-评论', 'POST', '/api/information/publish', null, '2017-06-09 17:49:04', '2017-06-16 09:10:51', null);
INSERT INTO `a_interface` VALUES ('63', '1', '资讯-评论列表', 'POST', '/api/information/commentList', null, '2017-06-09 17:49:04', '2017-06-16 09:10:51', null);
INSERT INTO `a_interface` VALUES ('64', '1', '资讯-列表(Andriod)', 'POST', '/api/information/list', null, '2017-06-09 17:49:04', '2017-06-16 09:10:51', null);
INSERT INTO `a_interface` VALUES ('65', '1', '资讯-列表(IOS)', 'POST', '/api/information/pageList', null, '2017-06-09 17:49:04', '2017-06-16 09:10:51', null);
INSERT INTO `a_interface` VALUES ('66', '1', '资讯-详情', 'POST', '/api/information/detail', null, '2017-06-09 17:49:04', '2017-06-16 09:10:51', null);
INSERT INTO `a_interface` VALUES ('67', '1', '资讯-页轮播图', 'POST', '/api/information/banner', null, '2017-06-09 17:49:04', '2017-06-16 09:10:51', null);
INSERT INTO `a_interface` VALUES ('68', '1', '跑马灯-列表', 'POST', '/api/notice/list', null, '2017-06-09 17:49:04', '2017-06-16 09:10:51', null);
INSERT INTO `a_interface` VALUES ('69', '1', '跑马灯-历史记录', 'GET', '/api/notice/history', null, '2017-06-09 17:49:04', '2017-06-16 09:10:51', null);
INSERT INTO `a_interface` VALUES ('70', '2', 'ABC', 'GET', '/api/notice/historyT', '', '2017-06-12 19:04:44', null, null);
INSERT INTO `a_interface` VALUES ('71', '2', '用户信息——轮播图', 'GET', '/api/banner/list2', 'api_platform', '2017-06-23 10:38:44', '2017-06-23 10:44:24', null);

-- ----------------------------
-- Table structure for a_project
-- ----------------------------
DROP TABLE IF EXISTS `a_project`;
CREATE TABLE `a_project` (
  `id` int(11) NOT NULL AUTO_INCREMENT,
  `name` varchar(255) COLLATE utf8_bin NOT NULL,
  `path` varchar(255) COLLATE utf8_bin NOT NULL,
  `create_time` datetime DEFAULT NULL,
  `update_time` datetime DEFAULT NULL,
  `memo` varchar(255) COLLATE utf8_bin DEFAULT NULL,
  PRIMARY KEY (`id`)
) ENGINE=InnoDB AUTO_INCREMENT=3 DEFAULT CHARSET=utf8 COLLATE=utf8_bin;

-- ----------------------------
-- Records of a_project
-- ----------------------------
INSERT INTO `a_project` VALUES ('1', 'App', '/api_app', '2017-06-09 17:48:44', null, null);
INSERT INTO `a_project` VALUES ('2', 'XXX', '/api_app', '2017-06-12 18:19:54', '2017-06-22 10:11:45', null);

-- ----------------------------
-- Table structure for a_result
-- ----------------------------
DROP TABLE IF EXISTS `a_result`;
CREATE TABLE `a_result` (
  `id` int(11) NOT NULL AUTO_INCREMENT,
  `project_id` int(11) NOT NULL,
  `version_id` int(11) NOT NULL,
  `name` varchar(255) COLLATE utf8_bin DEFAULT NULL,
  `runby` varchar(255) COLLATE utf8_bin DEFAULT NULL,
  `success` int(9) DEFAULT NULL,
  `fail` int(9) DEFAULT NULL,
  `total` int(9) DEFAULT NULL,
  `status` varchar(255) COLLATE utf8_bin DEFAULT NULL,
  `msg` varchar(2048) COLLATE utf8_bin DEFAULT NULL,
  `start_time` datetime DEFAULT NULL,
  `end_time` datetime DEFAULT NULL,
  `create_time` datetime DEFAULT NULL,
  `update_time` datetime DEFAULT NULL,
  `memo` varchar(255) COLLATE utf8_bin DEFAULT NULL,
  PRIMARY KEY (`id`)
) ENGINE=InnoDB AUTO_INCREMENT=67 DEFAULT CHARSET=utf8 COLLATE=utf8_bin;

-- ----------------------------
-- Records of a_result
-- ----------------------------
INSERT INTO `a_result` VALUES ('1', '1', '1', '案例[个人中心-获取用户金叶子数]', 'zhouzhou', '0', '2', '2', 'COMPLETE', null, '2017-06-13 17:14:38', '2017-06-13 17:14:40', '2017-06-13 17:14:38', '2017-06-13 17:14:40', null);
INSERT INTO `a_result` VALUES ('2', '1', '1', '案例[个人中心-获取用户金叶子数]', 'zhouzhou', '0', '2', '2', 'COMPLETE', null, '2017-06-13 17:16:49', '2017-06-13 17:16:51', '2017-06-13 17:16:49', '2017-06-13 17:16:51', null);
INSERT INTO `a_result` VALUES ('3', '1', '1', '案例[个人中心-获取用户金叶子数]', 'zhouzhou', '0', '2', '2', 'COMPLETE', null, '2017-06-13 17:20:44', '2017-06-13 17:20:46', '2017-06-13 17:20:44', '2017-06-13 17:20:46', null);
INSERT INTO `a_result` VALUES ('4', '1', '1', '案例[个人中心-获取用户金叶子数]', 'zhouzhou', '2', '0', '2', 'COMPLETE', null, '2017-06-13 17:22:22', '2017-06-13 17:22:24', '2017-06-13 17:22:22', '2017-06-13 17:22:24', null);
INSERT INTO `a_result` VALUES ('5', '1', '1', '案例[个人中心-获取用户个人信息]', 'zhouzhou', '0', '2', '2', 'COMPLETE', null, '2017-06-13 17:24:59', '2017-06-13 17:25:01', '2017-06-13 17:24:59', '2017-06-13 17:25:01', null);
INSERT INTO `a_result` VALUES ('6', '1', '1', '案例[个人中心-获取用户个人信息]', 'zhouzhou', '4', '0', '4', 'COMPLETE', null, '2017-06-13 17:30:39', '2017-06-13 17:30:41', '2017-06-13 17:30:39', '2017-06-13 17:30:41', null);
INSERT INTO `a_result` VALUES ('7', '1', '1', '案例[个人中心-获取用户个人信息]', 'zhouzhou', '4', '0', '4', 'COMPLETE', null, '2017-06-13 17:45:20', '2017-06-13 17:45:22', '2017-06-13 17:45:20', '2017-06-13 17:45:22', null);
INSERT INTO `a_result` VALUES ('8', '1', '1', '案例[个人中心-获取用户金叶子数]', 'zhouzhou', '4', '0', '4', 'COMPLETE', null, '2017-06-13 17:46:36', '2017-06-13 17:46:38', '2017-06-13 17:46:36', '2017-06-13 17:46:38', null);
INSERT INTO `a_result` VALUES ('9', '1', '1', '案例[个人中心-获取用户个人信息]', 'zhouzhou', '4', '0', '4', 'COMPLETE', null, '2017-06-13 18:35:13', '2017-06-13 18:35:15', '2017-06-13 18:35:13', '2017-06-13 18:35:15', null);
INSERT INTO `a_result` VALUES ('10', '1', '1', '案例[个人中心-获取用户个人信息]', 'zhouzhou', '2', '2', '4', 'COMPLETE', null, '2017-06-13 18:35:42', '2017-06-13 18:35:42', '2017-06-13 18:35:42', '2017-06-13 18:35:42', null);
INSERT INTO `a_result` VALUES ('12', '1', '1', '项目[App]', 'zhouzhou', '4', '0', '4', 'COMPLETE', null, '2017-06-13 18:58:20', '2017-06-13 18:58:22', '2017-06-13 18:58:20', '2017-06-13 18:58:22', null);
INSERT INTO `a_result` VALUES ('13', '1', '1', '项目[App]', 'zhouzhou', '2', '2', '4', 'COMPLETE', null, '2017-06-14 09:56:13', '2017-06-14 09:56:16', '2017-06-14 09:56:13', '2017-06-14 09:56:16', null);
INSERT INTO `a_result` VALUES ('14', '1', '1', '案例[个人中心-获取用户金叶子数]', 'zhouzhou', '0', '2', '2', 'COMPLETE', null, '2017-06-14 11:25:46', '2017-06-14 11:25:49', '2017-06-14 11:25:46', '2017-06-14 11:25:49', null);
INSERT INTO `a_result` VALUES ('15', '1', '1', '案例[个人中心-获取用户金叶子数]', 'zhouzhou', '2', '0', '2', 'COMPLETE', null, '2017-06-14 11:28:11', '2017-06-14 11:28:11', '2017-06-14 11:28:11', '2017-06-14 11:28:11', null);
INSERT INTO `a_result` VALUES ('16', '1', '1', '案例[个人中心-获取用户金叶子数]', 'zhouzhou', '2', '0', '2', 'COMPLETE', null, '2017-06-14 11:38:04', '2017-06-14 11:38:04', '2017-06-14 11:38:04', '2017-06-14 11:38:04', null);
INSERT INTO `a_result` VALUES ('17', '1', '1', '案例[个人中心-获取用户金叶子数]', 'zhouzhou', '2', '0', '2', 'COMPLETE', null, '2017-06-14 14:40:54', '2017-06-14 14:40:54', '2017-06-14 14:40:54', '2017-06-14 14:40:54', null);
INSERT INTO `a_result` VALUES ('18', '1', '1', '案例[个人中心-获取用户金叶子数]', 'zhouzhou', '0', '2', '2', 'COMPLETE', null, '2017-06-14 14:55:15', '2017-06-14 14:55:18', '2017-06-14 14:55:15', '2017-06-14 14:55:18', null);
INSERT INTO `a_result` VALUES ('19', '1', '1', '案例[个人中心-获取用户个人信息]', 'zhouzhou', '2', '2', '4', 'COMPLETE', null, '2017-06-14 15:09:29', '2017-06-14 15:09:30', '2017-06-14 15:09:29', '2017-06-14 15:09:30', null);
INSERT INTO `a_result` VALUES ('20', '1', '1', '案例[个人中心-获取用户金叶子数]', 'zhouzhou', '0', '2', '2', 'COMPLETE', null, '2017-06-14 15:26:54', '2017-06-14 15:26:57', '2017-06-14 15:26:54', '2017-06-14 15:26:57', null);
INSERT INTO `a_result` VALUES ('21', '1', '1', '案例[个人中心-获取用户个人信息]', 'zhouzhou', '4', '0', '4', 'COMPLETE', null, '2017-06-14 15:27:17', '2017-06-14 15:27:19', '2017-06-14 15:27:17', '2017-06-14 15:27:19', null);
INSERT INTO `a_result` VALUES ('22', '1', '1', '项目[App]', 'zhouzhou', '6', '0', '6', 'COMPLETE', null, '2017-06-14 16:20:48', '2017-06-14 16:20:50', '2017-06-14 16:20:48', '2017-06-14 16:20:50', null);
INSERT INTO `a_result` VALUES ('23', '1', '1', '项目[App]', 'zhouzhou', '6', '0', '6', 'COMPLETE', null, '2017-06-14 16:50:58', '2017-06-14 16:51:01', '2017-06-14 16:50:58', '2017-06-14 16:51:01', null);
INSERT INTO `a_result` VALUES ('24', '1', '1', '项目[App]', 'zhouzhou', '6', '0', '6', 'COMPLETE', null, '2017-06-14 16:52:45', '2017-06-14 16:52:48', '2017-06-14 16:52:45', '2017-06-14 16:52:48', null);
INSERT INTO `a_result` VALUES ('25', '1', '1', '项目[App]', 'zhouzhou', '6', '0', '6', 'COMPLETE', null, '2017-06-14 17:00:31', '2017-06-14 17:00:33', '2017-06-14 17:00:31', '2017-06-14 17:00:33', null);
INSERT INTO `a_result` VALUES ('26', '1', '1', '案例[个人中心-获取用户个人信息]', 'zhouzhou', '4', '0', '4', 'COMPLETE', null, '2017-06-15 15:16:02', '2017-06-15 15:16:04', '2017-06-15 15:16:02', '2017-06-15 15:16:04', null);
INSERT INTO `a_result` VALUES ('27', '1', '1', '项目[App]', 'zhouzhou', '6', '0', '6', 'COMPLETE', null, '2017-06-15 15:16:37', '2017-06-15 15:16:39', '2017-06-15 15:16:37', '2017-06-15 15:16:39', null);
INSERT INTO `a_result` VALUES ('28', '1', '1', '案例[个人中心-获取用户个人信息]', 'zhouzhou', '4', '0', '4', 'COMPLETE', null, '2017-06-16 09:16:38', '2017-06-16 09:16:41', '2017-06-16 09:16:38', '2017-06-16 09:16:41', null);
INSERT INTO `a_result` VALUES ('29', '1', '1', '案例[个人中心-获取用户个人信息]', 'zhouzhou', '2', '2', '4', 'COMPLETE', null, '2017-06-16 09:18:17', '2017-06-16 09:18:19', '2017-06-16 09:18:17', '2017-06-16 09:18:19', null);
INSERT INTO `a_result` VALUES ('30', '1', '1', '案例[个人中心-获取用户金叶子数]', 'zhouzhou', '0', '2', '2', 'COMPLETE', null, '2017-06-16 10:07:27', '2017-06-16 10:07:29', '2017-06-16 10:07:27', '2017-06-16 10:07:29', null);
INSERT INTO `a_result` VALUES ('31', '1', '1', '案例[个人中心-获取用户个人信息]', 'zhouzhou', '4', '0', '4', 'COMPLETE', null, '2017-06-16 10:24:14', '2017-06-16 10:24:17', '2017-06-16 10:24:14', '2017-06-16 10:24:17', null);
INSERT INTO `a_result` VALUES ('32', '1', '1', '案例[个人中心-获取用户个人信息]', 'zhouzhou', '2', '2', '4', 'COMPLETE', null, '2017-06-19 15:52:17', '2017-06-19 15:52:20', '2017-06-19 15:52:17', '2017-06-19 15:52:20', null);
INSERT INTO `a_result` VALUES ('33', '1', '2', '案例[个人中心-消息-未读数量]', 'zhouzhou', '0', '1', '1', 'COMPLETE', '[Author][A]==>渠道不存在或被禁用', '2017-06-20 09:25:07', '2017-06-20 09:25:08', '2017-06-20 09:25:07', '2017-06-20 09:25:08', null);
INSERT INTO `a_result` VALUES ('34', '1', '2', '案例[个人中心-消息-未读数量]', 'zhouzhou', '1', '0', '1', 'COMPLETE', null, '2017-06-20 09:25:59', '2017-06-20 09:26:00', '2017-06-20 09:25:59', '2017-06-20 09:26:00', null);
INSERT INTO `a_result` VALUES ('35', '1', '2', '案例[个人中心-消息-未读数量]', 'zhouzhou', '0', '1', '1', 'COMPLETE', '[Author][A]==>渠道不存在或被禁用', '2017-06-20 09:36:14', '2017-06-20 09:36:15', '2017-06-20 09:36:14', '2017-06-20 09:36:15', null);
INSERT INTO `a_result` VALUES ('36', '1', '2', '案例[个人中心-消息-未读数量]', 'zhouzhou', '0', '1', '1', 'COMPLETE', '[Author][A]==>渠道不存在或被禁用', '2017-06-20 09:39:50', '2017-06-20 09:39:50', '2017-06-20 09:39:50', '2017-06-20 09:39:50', null);
INSERT INTO `a_result` VALUES ('37', '1', '2', '案例[个人中心-消息-未读数量]', 'zhouzhou', '0', '1', '1', 'COMPLETE', '[Author][A]==>渠道不存在或被禁用', '2017-06-20 10:10:18', '2017-06-20 10:10:19', '2017-06-20 10:10:18', '2017-06-20 10:10:19', null);
INSERT INTO `a_result` VALUES ('38', '1', '2', '案例[个人中心-消息-未读数量]', 'zhouzhou', '0', '1', '1', 'COMPLETE', '[Author][A]==>渠道不存在或被禁用', '2017-06-20 11:27:28', '2017-06-20 11:27:28', '2017-06-20 11:27:28', '2017-06-20 11:27:28', null);
INSERT INTO `a_result` VALUES ('39', '1', '2', '案例[个人中心-消息-未读数量]', 'zhouzhou', '1', '0', '1', 'COMPLETE', null, '2017-06-20 11:29:41', '2017-06-20 11:29:42', '2017-06-20 11:29:41', '2017-06-20 11:29:42', null);
INSERT INTO `a_result` VALUES ('40', '1', '2', '案例[个人中心-消息-未读数量]', 'zhouzhou', '0', '1', '1', 'COMPLETE', '[Author][A]==>渠道不存在或被禁用', '2017-06-20 11:30:04', '2017-06-20 11:30:05', '2017-06-20 11:30:04', '2017-06-20 11:30:05', null);
INSERT INTO `a_result` VALUES ('41', '1', '2', '案例[个人中心-消息-未读数量]', 'zhouzhou', '0', '1', '1', 'COMPLETE', '[Author][A]==>渠道不存在或被禁用', '2017-06-20 11:40:22', '2017-06-20 11:40:23', '2017-06-20 11:40:22', '2017-06-20 11:40:23', null);
INSERT INTO `a_result` VALUES ('42', '1', '2', '案例[个人中心-消息-未读数量]', 'zhouzhou', '0', '1', '1', 'COMPLETE', '[Author][A]==>渠道不存在或被禁用', '2017-06-20 11:43:31', '2017-06-20 11:43:32', '2017-06-20 11:43:31', '2017-06-20 11:43:32', null);
INSERT INTO `a_result` VALUES ('43', '1', '2', '案例[个人中心-消息-未读数量]', 'zhouzhou', '0', '1', '1', 'COMPLETE', '[Author][A]==>渠道不存在或被禁用', '2017-06-20 11:50:04', '2017-06-20 11:50:05', '2017-06-20 11:50:04', '2017-06-20 11:50:05', null);
INSERT INTO `a_result` VALUES ('44', '2', '1', '案例[用户信息——轮播图]', 'zhouzhou', '0', '2', '2', 'COMPLETE', null, '2017-06-23 10:39:53', '2017-06-23 10:39:54', '2017-06-23 10:39:53', '2017-06-23 10:39:54', null);
INSERT INTO `a_result` VALUES ('45', '2', '1', '案例[用户信息——轮播图]', 'zhouzhou', '0', '2', '2', 'COMPLETE', null, '2017-06-23 10:41:14', '2017-06-23 10:41:14', '2017-06-23 10:41:14', '2017-06-23 10:41:14', null);
INSERT INTO `a_result` VALUES ('46', '2', '1', '案例[用户信息——轮播图]', 'zhouzhou', '0', '2', '2', 'COMPLETE', '[Author][B]==>登录失败！[密码不正确(当前已错误1次，若超过3次账号将被冻结12小时)]', '2017-06-23 10:42:02', '2017-06-23 10:42:02', '2017-06-23 10:42:02', '2017-06-23 10:42:02', null);
INSERT INTO `a_result` VALUES ('47', '2', '3', '案例[用户信息——轮播图]', 'zhouzhou', '0', '1', '1', 'COMPLETE', null, '2017-06-23 10:43:41', '2017-06-23 10:43:41', '2017-06-23 10:43:41', '2017-06-23 10:43:41', null);
INSERT INTO `a_result` VALUES ('48', '2', '3', '案例[用户信息——轮播图]', 'zhouzhou', '0', '1', '1', 'COMPLETE', null, '2017-06-23 10:44:33', '2017-06-23 10:44:34', '2017-06-23 10:44:33', '2017-06-23 10:44:34', null);
INSERT INTO `a_result` VALUES ('49', '2', '3', '案例[用户信息——轮播图]', 'zhouzhou', '0', '1', '1', 'COMPLETE', null, '2017-06-23 10:58:03', '2017-06-23 10:58:03', '2017-06-23 10:58:03', '2017-06-23 10:58:03', null);
INSERT INTO `a_result` VALUES ('50', '2', '3', '案例[用户信息——轮播图]', 'zhouzhou', '0', '1', '1', 'COMPLETE', null, '2017-06-23 11:08:31', '2017-06-23 11:08:31', '2017-06-23 11:08:31', '2017-06-23 11:08:31', null);
INSERT INTO `a_result` VALUES ('51', '2', '3', '案例[用户信息——轮播图]', 'zhouzhou', '0', '1', '1', 'COMPLETE', null, '2017-06-23 11:09:12', '2017-06-23 11:09:12', '2017-06-23 11:09:12', '2017-06-23 11:09:12', null);
INSERT INTO `a_result` VALUES ('52', '2', '3', '案例[用户信息——轮播图]', 'zhouzhou', '0', '1', '1', 'COMPLETE', null, '2017-06-23 11:10:33', '2017-06-23 11:10:33', '2017-06-23 11:10:33', '2017-06-23 11:10:33', null);
INSERT INTO `a_result` VALUES ('53', '2', '3', '案例[用户信息——轮播图]', 'zhouzhou', '0', '1', '1', 'COMPLETE', null, '2017-06-23 11:12:23', '2017-06-23 11:12:23', '2017-06-23 11:12:23', '2017-06-23 11:12:23', null);
INSERT INTO `a_result` VALUES ('54', '2', '3', '案例[用户信息——轮播图]', 'zhouzhou', '0', '1', '1', 'COMPLETE', null, '2017-06-23 11:47:49', '2017-06-23 11:47:50', '2017-06-23 11:47:49', '2017-06-23 11:47:50', null);
INSERT INTO `a_result` VALUES ('55', '2', '3', '案例[用户信息——轮播图]', 'zhouzhou', '0', '1', '1', 'COMPLETE', null, '2017-06-23 14:58:06', '2017-06-23 14:58:06', '2017-06-23 14:58:06', '2017-06-23 14:58:06', null);
INSERT INTO `a_result` VALUES ('56', '1', '1', '项目[App]', 'zhouzhou', '2', '4', '6', 'COMPLETE', null, '2017-06-27 14:53:00', '2017-06-27 14:53:03', '2017-06-27 14:53:00', '2017-06-27 14:53:03', null);
INSERT INTO `a_result` VALUES ('58', '1', '1', '案例[个人中心-获取用户个人信息]', 'zhouzhou', '0', '4', '4', 'COMPLETE', '[登录权限][线上]==>登录失败！[用户名或密码错误]', '2017-06-27 16:02:01', '2017-06-27 16:02:02', '2017-06-27 16:02:01', '2017-06-27 16:02:02', null);
INSERT INTO `a_result` VALUES ('59', '1', '1', '案例[个人中心-获取用户个人信息]', 'zhouzhou', '0', '4', '4', 'COMPLETE', '[登录权限][线上]==>登录失败！[用户名或密码错误][{\"username\":\"13151815555\",\"password\":\"zhouzhou\"}]', '2017-06-27 16:05:04', '2017-06-27 16:05:04', '2017-06-27 16:05:04', '2017-06-27 16:05:04', null);
INSERT INTO `a_result` VALUES ('60', '1', '1', '案例[个人中心-获取用户个人信息]', 'zhouzhou', '0', '4', '4', 'COMPLETE', '[登录权限][线上]==>登录失败！[用户名或密码错误][{\"username\":\"13151815555\",\"password\":\"zhouzhou\"}]', '2017-06-27 16:23:14', '2017-06-27 16:23:15', '2017-06-27 16:23:14', '2017-06-27 16:23:15', null);
INSERT INTO `a_result` VALUES ('61', '1', '1', '项目[App]', 'Auto[zhouzhou]', '0', '6', '6', 'COMPLETE', '[登录权限][线上]==>登录失败！[用户名或密码错误][{\"username\":\"13151815555\",\"password\":\"zhouzhou\"}]', '2017-06-27 16:40:00', '2017-06-27 16:40:01', '2017-06-27 16:40:00', '2017-06-27 16:40:01', null);
INSERT INTO `a_result` VALUES ('62', '1', '2', '案例[个人中心-消息-未读数量]', 'zhouzhou', '0', '1', '1', 'COMPLETE', '[登录权限][线上]==>登录失败！[用户名或密码错误][{\"username\":\"13151815555\",\"password\":\"zhouzhou\"}]', '2017-06-29 14:30:23', '2017-06-29 14:30:24', '2017-06-29 14:30:23', '2017-06-29 14:30:24', null);
INSERT INTO `a_result` VALUES ('63', '1', '2', '案例[个人中心-消息-未读数量]', 'zhouzhou', '1', '0', '1', 'COMPLETE', null, '2017-06-29 14:31:13', '2017-06-29 14:31:14', '2017-06-29 14:31:13', '2017-06-29 14:31:14', null);
INSERT INTO `a_result` VALUES ('64', '1', '2', '案例[个人中心-消息-未读数量]', 'zhouzhou', '1', '0', '1', 'COMPLETE', null, '2017-06-29 14:32:57', '2017-06-29 14:32:57', '2017-06-29 14:32:57', '2017-06-29 14:32:57', null);
INSERT INTO `a_result` VALUES ('65', '1', '2', '案例[个人中心-消息-未读数量]', 'zhouzhou', '0', '1', '1', 'COMPLETE', null, '2017-06-29 14:34:27', '2017-06-29 14:34:27', '2017-06-29 14:34:27', '2017-06-29 14:34:27', null);
INSERT INTO `a_result` VALUES ('66', '1', '2', '案例[个人中心-消息-未读数量]', 'zhouzhou', '0', '1', '1', 'COMPLETE', null, '2017-06-29 16:19:33', '2017-06-29 16:19:33', '2017-06-29 16:19:33', '2017-06-29 16:19:33', null);

-- ----------------------------
-- Table structure for a_result_detail
-- ----------------------------
DROP TABLE IF EXISTS `a_result_detail`;
CREATE TABLE `a_result_detail` (
  `id` int(11) NOT NULL AUTO_INCREMENT,
  `result_id` int(11) NOT NULL,
  `case_id` int(11) NOT NULL,
  `name` varchar(255) COLLATE utf8_bin NOT NULL,
  `type` varchar(255) COLLATE utf8_bin NOT NULL,
  `url` varchar(2083) COLLATE utf8_bin NOT NULL,
  `description` varchar(1024) COLLATE utf8_bin DEFAULT NULL,
  `strategy` varchar(2048) COLLATE utf8_bin DEFAULT NULL,
  `body` text COLLATE utf8_bin,
  `resulta` text COLLATE utf8_bin,
  `resultb` text COLLATE utf8_bin,
  `status` varchar(255) COLLATE utf8_bin DEFAULT NULL,
  `msg` varchar(2048) COLLATE utf8_bin DEFAULT NULL,
  `version` varchar(255) COLLATE utf8_bin DEFAULT NULL,
  `channel` varchar(1024) COLLATE utf8_bin DEFAULT NULL,
  `account` varchar(255) COLLATE utf8_bin DEFAULT NULL,
  `create_time` datetime DEFAULT NULL,
  `update_time` datetime DEFAULT NULL,
  `memo` varchar(255) COLLATE utf8_bin DEFAULT NULL,
  PRIMARY KEY (`id`)
) ENGINE=InnoDB AUTO_INCREMENT=134 DEFAULT CHARSET=utf8 COLLATE=utf8_bin;

-- ----------------------------
-- Records of a_result_detail
-- ----------------------------
INSERT INTO `a_result_detail` VALUES ('1', '1', '1', '个人中心-获取用户金叶子数', 'POST', '/api/app/usercenter/getUseAmount', null, '', null, 0x7B22636F6465223A3230302C2264617461223A323033352E307D, 0x7B22636F6465223A3230302C2264617461223A312E333134353134343345387D, 'FAILURE', null, '1.0.3', '100004', '13151815253/zhouzhou', '2017-06-13 17:14:39', null, null);
INSERT INTO `a_result_detail` VALUES ('2', '1', '1', '个人中心-获取用户金叶子数', 'POST', '/api/app/usercenter/getUseAmount', null, '', null, 0x7B22636F6465223A3230302C2264617461223A323033352E307D, 0x7B22636F6465223A3230302C2264617461223A312E333134353134343345387D, 'FAILURE', null, '1.0.3', '200001', '13151815253/zhouzhou', '2017-06-13 17:14:40', null, null);
INSERT INTO `a_result_detail` VALUES ('3', '2', '1', '个人中心-获取用户金叶子数', 'POST', '/api/app/usercenter/getUseAmount', null, '', null, 0x7B22636F6465223A3230302C2264617461223A323033357D, 0x7B22636F6465223A3230302C2264617461223A312E333134353134343345387D, 'FAILURE', null, '1.0.3', '100004', '13151815253/zhouzhou', '2017-06-13 17:16:50', null, null);
INSERT INTO `a_result_detail` VALUES ('4', '2', '1', '个人中心-获取用户金叶子数', 'POST', '/api/app/usercenter/getUseAmount', null, '', null, 0x7B22636F6465223A3230302C2264617461223A323033357D, 0x7B22636F6465223A3230302C2264617461223A312E333134353134343345387D, 'FAILURE', null, '1.0.3', '200001', '13151815253/zhouzhou', '2017-06-13 17:16:51', null, null);
INSERT INTO `a_result_detail` VALUES ('5', '3', '1', '个人中心-获取用户金叶子数', 'POST', '/api/app/usercenter/getUseAmount', null, '', null, 0x7B22636F6465223A3230302C2264617461223A323033357D, 0x7B22636F6465223A3230302C2264617461223A312E333134353134343345387D, 'FAILURE', null, '1.0.3', '100004', '13151815253/zhouzhou', '2017-06-13 17:20:46', null, null);
INSERT INTO `a_result_detail` VALUES ('6', '3', '1', '个人中心-获取用户金叶子数', 'POST', '/api/app/usercenter/getUseAmount', null, '', null, 0x7B22636F6465223A3230302C2264617461223A323033357D, 0x7B22636F6465223A3230302C2264617461223A312E333134353134343345387D, 'FAILURE', null, '1.0.3', '200001', '13151815253/zhouzhou', '2017-06-13 17:20:46', null, null);
INSERT INTO `a_result_detail` VALUES ('7', '4', '1', '个人中心-获取用户金叶子数', 'POST', '/api/app/usercenter/getUseAmount', null, '', null, 0x7B22636F6465223A3230302C2264617461223A3133313435313434337D, 0x7B22636F6465223A3230302C2264617461223A312E333134353134343345387D, 'SUCCESS', null, '1.0.3', '100004', '13151815253/zhouzhou', '2017-06-13 17:22:23', null, null);
INSERT INTO `a_result_detail` VALUES ('8', '4', '1', '个人中心-获取用户金叶子数', 'POST', '/api/app/usercenter/getUseAmount', null, '', null, 0x7B22636F6465223A3230302C2264617461223A3133313435313434337D, 0x7B22636F6465223A3230302C2264617461223A312E333134353134343345387D, 'SUCCESS', null, '1.0.3', '200001', '13151815253/zhouzhou', '2017-06-13 17:22:24', null, null);
INSERT INTO `a_result_detail` VALUES ('9', '5', '2', '个人中心-获取用户个人信息', 'POST', '/api/app/usercenter/getUserPersonalInfo', null, '', null, 0x7B22636F6465223A3230302C2264617461223A7B226C6F67696E6E616D65223A223133313531383135323533222C2270686F6E65223A223133313531383135323533222C2268656164496D67223A22222C226E69636B6E616D65466C6167223A66616C73652C226E69636B6E616D65223A227A686F757A686F75222C22757365724964223A3136363934382C22757365416D6F756E74223A323033352E302C227573657254797065223A317D7D, 0x7B22636F6465223A3230302C2264617461223A7B226C6F67696E6E616D65223A223133313531383135323533222C2270686F6E65223A223133313531383135323533222C2268656164496D67223A22687474703A2F2F3139322E3136382E3130312E3234322F63646E2F633765612F313333342F313661332F346465372F623364612F343236632F383032612F356230352F63376561313333343136613334646537623364613432366338303261356230352E706E67222C226E69636B6E616D65466C6167223A66616C73652C226E69636B6E616D65223A227A686F757A686F75222C22757365724964223A33372C22757365416D6F756E74223A312E333134353134343345382C227573657254797065223A317D7D, 'FAILURE', null, '1.0.3', '100004', '13151815253/zhouzhou', '2017-06-13 17:25:00', null, null);
INSERT INTO `a_result_detail` VALUES ('10', '5', '2', '个人中心-获取用户个人信息', 'POST', '/api/app/usercenter/getUserPersonalInfo', null, '', null, 0x7B22636F6465223A3230302C2264617461223A7B226C6F67696E6E616D65223A223133313531383135323533222C2270686F6E65223A223133313531383135323533222C2268656164496D67223A22222C226E69636B6E616D65466C6167223A66616C73652C226E69636B6E616D65223A227A686F757A686F75222C22757365724964223A3136363934382C22757365416D6F756E74223A323033352E302C227573657254797065223A317D7D, 0x7B22636F6465223A3230302C2264617461223A7B226C6F67696E6E616D65223A223133313531383135323533222C2270686F6E65223A223133313531383135323533222C2268656164496D67223A22687474703A2F2F3139322E3136382E3130312E3234322F63646E2F633765612F313333342F313661332F346465372F623364612F343236632F383032612F356230352F63376561313333343136613334646537623364613432366338303261356230352E706E67222C226E69636B6E616D65466C6167223A66616C73652C226E69636B6E616D65223A227A686F757A686F75222C22757365724964223A33372C22757365416D6F756E74223A312E333134353134343345382C227573657254797065223A317D7D, 'FAILURE', null, '1.0.3', '200001', '13151815253/zhouzhou', '2017-06-13 17:25:01', null, null);
INSERT INTO `a_result_detail` VALUES ('11', '6', '2', '个人中心-获取用户个人信息', 'POST', '/api/app/usercenter/getUserPersonalInfo', null, 'headImg,userId,useAmount', null, 0x7B22636F6465223A3230302C2264617461223A7B226C6F67696E6E616D65223A223133313531383135323533222C2270686F6E65223A223133313531383135323533222C2268656164496D67223A22222C226E69636B6E616D65466C6167223A66616C73652C226E69636B6E616D65223A227A686F757A686F75222C22757365724964223A3136363934382C22757365416D6F756E74223A323033352E302C227573657254797065223A317D7D, 0x7B22636F6465223A3230302C2264617461223A7B226C6F67696E6E616D65223A223133313531383135323533222C2270686F6E65223A223133313531383135323533222C2268656164496D67223A22687474703A2F2F3139322E3136382E3130312E3234322F63646E2F633765612F313333342F313661332F346465372F623364612F343236632F383032612F356230352F63376561313333343136613334646537623364613432366338303261356230352E706E67222C226E69636B6E616D65466C6167223A66616C73652C226E69636B6E616D65223A227A686F757A686F75222C22757365724964223A33372C22757365416D6F756E74223A312E333134353134343345382C227573657254797065223A317D7D, 'SUCCESS', null, '1.0.3', '100004', '13151815253/zhouzhou', '2017-06-13 17:30:40', null, null);
INSERT INTO `a_result_detail` VALUES ('12', '6', '1', '个人中心-获取用户金叶子数', 'POST', '/api/app/usercenter/getUseAmount', null, '', null, 0x7B22636F6465223A3230302C2264617461223A3133313435313434337D, 0x7B22636F6465223A3230302C2264617461223A312E333134353134343345387D, 'SUCCESS', null, '1.0.3', '100004', '13151815253/zhouzhou', '2017-06-13 17:30:40', null, null);
INSERT INTO `a_result_detail` VALUES ('13', '6', '2', '个人中心-获取用户个人信息', 'POST', '/api/app/usercenter/getUserPersonalInfo', null, 'headImg,userId,useAmount', null, 0x7B22636F6465223A3230302C2264617461223A7B226C6F67696E6E616D65223A223133313531383135323533222C2270686F6E65223A223133313531383135323533222C2268656164496D67223A22222C226E69636B6E616D65466C6167223A66616C73652C226E69636B6E616D65223A227A686F757A686F75222C22757365724964223A3136363934382C22757365416D6F756E74223A323033352E302C227573657254797065223A317D7D, 0x7B22636F6465223A3230302C2264617461223A7B226C6F67696E6E616D65223A223133313531383135323533222C2270686F6E65223A223133313531383135323533222C2268656164496D67223A22687474703A2F2F3139322E3136382E3130312E3234322F63646E2F633765612F313333342F313661332F346465372F623364612F343236632F383032612F356230352F63376561313333343136613334646537623364613432366338303261356230352E706E67222C226E69636B6E616D65466C6167223A66616C73652C226E69636B6E616D65223A227A686F757A686F75222C22757365724964223A33372C22757365416D6F756E74223A312E333134353134343345382C227573657254797065223A317D7D, 'SUCCESS', null, '1.0.3', '200001', '13151815253/zhouzhou', '2017-06-13 17:30:41', null, null);
INSERT INTO `a_result_detail` VALUES ('14', '6', '1', '个人中心-获取用户金叶子数', 'POST', '/api/app/usercenter/getUseAmount', null, '', null, 0x7B22636F6465223A3230302C2264617461223A3133313435313434337D, 0x7B22636F6465223A3230302C2264617461223A312E333134353134343345387D, 'SUCCESS', null, '1.0.3', '200001', '13151815253/zhouzhou', '2017-06-13 17:30:41', null, null);
INSERT INTO `a_result_detail` VALUES ('15', '7', '2', '个人中心-获取用户个人信息', 'POST', '/api/app/usercenter/getUserPersonalInfo', null, 'headImg,userId,useAmount', null, 0x7B22636F6465223A3230302C2264617461223A7B226C6F67696E6E616D65223A223133313531383135323533222C2270686F6E65223A223133313531383135323533222C2268656164496D67223A22222C226E69636B6E616D65466C6167223A66616C73652C226E69636B6E616D65223A227A686F757A686F75222C22757365724964223A3136363934382C22757365416D6F756E74223A323033352E302C227573657254797065223A317D7D, 0x7B22636F6465223A3230302C2264617461223A7B226C6F67696E6E616D65223A223133313531383135323533222C2270686F6E65223A223133313531383135323533222C2268656164496D67223A22687474703A2F2F3139322E3136382E3130312E3234322F63646E2F633765612F313333342F313661332F346465372F623364612F343236632F383032612F356230352F63376561313333343136613334646537623364613432366338303261356230352E706E67222C226E69636B6E616D65466C6167223A66616C73652C226E69636B6E616D65223A227A686F757A686F75222C22757365724964223A33372C22757365416D6F756E74223A312E333134353134343345382C227573657254797065223A317D7D, 'SUCCESS', null, '1.0.3', '100004', '13151815253/zhouzhou', '2017-06-13 17:45:21', null, null);
INSERT INTO `a_result_detail` VALUES ('16', '7', '1', '个人中心-获取用户金叶子数', 'POST', '/api/app/usercenter/getUseAmount', null, '', null, 0x7B22636F6465223A3230302C2264617461223A3133313435313434337D, 0x7B22636F6465223A3230302C2264617461223A312E333134353134343345387D, 'SUCCESS', null, '1.0.3', '100004', '13151815253/zhouzhou', '2017-06-13 17:45:21', null, null);
INSERT INTO `a_result_detail` VALUES ('17', '7', '2', '个人中心-获取用户个人信息', 'POST', '/api/app/usercenter/getUserPersonalInfo', null, 'headImg,userId,useAmount', null, 0x7B22636F6465223A3230302C2264617461223A7B226C6F67696E6E616D65223A223133313531383135323533222C2270686F6E65223A223133313531383135323533222C2268656164496D67223A22222C226E69636B6E616D65466C6167223A66616C73652C226E69636B6E616D65223A227A686F757A686F75222C22757365724964223A3136363934382C22757365416D6F756E74223A323033352E302C227573657254797065223A317D7D, 0x7B22636F6465223A3230302C2264617461223A7B226C6F67696E6E616D65223A223133313531383135323533222C2270686F6E65223A223133313531383135323533222C2268656164496D67223A22687474703A2F2F3139322E3136382E3130312E3234322F63646E2F633765612F313333342F313661332F346465372F623364612F343236632F383032612F356230352F63376561313333343136613334646537623364613432366338303261356230352E706E67222C226E69636B6E616D65466C6167223A66616C73652C226E69636B6E616D65223A227A686F757A686F75222C22757365724964223A33372C22757365416D6F756E74223A312E333134353134343345382C227573657254797065223A317D7D, 'SUCCESS', null, '1.0.3', '200001', '13151815253/zhouzhou', '2017-06-13 17:45:22', null, null);
INSERT INTO `a_result_detail` VALUES ('18', '7', '1', '个人中心-获取用户金叶子数', 'POST', '/api/app/usercenter/getUseAmount', null, '', null, 0x7B22636F6465223A3230302C2264617461223A3133313435313434337D, 0x7B22636F6465223A3230302C2264617461223A312E333134353134343345387D, 'SUCCESS', null, '1.0.3', '200001', '13151815253/zhouzhou', '2017-06-13 17:45:22', null, null);
INSERT INTO `a_result_detail` VALUES ('19', '8', '1', '个人中心-获取用户金叶子数', 'POST', '/api/app/usercenter/getUseAmount', null, '', null, 0x7B22636F6465223A3230302C2264617461223A3133313435313434337D, 0x7B22636F6465223A3230302C2264617461223A312E333134353134343345387D, 'SUCCESS', null, '1.0.3', '100004', '13151815253/zhouzhou', '2017-06-13 17:46:37', null, null);
INSERT INTO `a_result_detail` VALUES ('20', '8', '2', '个人中心-获取用户个人信息', 'POST', '/api/app/usercenter/getUserPersonalInfo', null, 'headImg,userId,useAmount', null, 0x7B22636F6465223A3230302C2264617461223A7B226C6F67696E6E616D65223A223133313531383135323533222C2270686F6E65223A223133313531383135323533222C2268656164496D67223A22222C226E69636B6E616D65466C6167223A66616C73652C226E69636B6E616D65223A227A686F757A686F75222C22757365724964223A3136363934382C22757365416D6F756E74223A323033352E302C227573657254797065223A317D7D, 0x7B22636F6465223A3230302C2264617461223A7B226C6F67696E6E616D65223A223133313531383135323533222C2270686F6E65223A223133313531383135323533222C2268656164496D67223A22687474703A2F2F3139322E3136382E3130312E3234322F63646E2F633765612F313333342F313661332F346465372F623364612F343236632F383032612F356230352F63376561313333343136613334646537623364613432366338303261356230352E706E67222C226E69636B6E616D65466C6167223A66616C73652C226E69636B6E616D65223A227A686F757A686F75222C22757365724964223A33372C22757365416D6F756E74223A312E333134353134343345382C227573657254797065223A317D7D, 'SUCCESS', null, '1.0.3', '100004', '13151815253/zhouzhou', '2017-06-13 17:46:37', null, null);
INSERT INTO `a_result_detail` VALUES ('21', '8', '1', '个人中心-获取用户金叶子数', 'POST', '/api/app/usercenter/getUseAmount', null, '', null, 0x7B22636F6465223A3230302C2264617461223A3133313435313434337D, 0x7B22636F6465223A3230302C2264617461223A312E333134353134343345387D, 'SUCCESS', null, '1.0.3', '200001', '13151815253/zhouzhou', '2017-06-13 17:46:38', null, null);
INSERT INTO `a_result_detail` VALUES ('22', '8', '2', '个人中心-获取用户个人信息', 'POST', '/api/app/usercenter/getUserPersonalInfo', null, 'headImg,userId,useAmount', null, 0x7B22636F6465223A3230302C2264617461223A7B226C6F67696E6E616D65223A223133313531383135323533222C2270686F6E65223A223133313531383135323533222C2268656164496D67223A22222C226E69636B6E616D65466C6167223A66616C73652C226E69636B6E616D65223A227A686F757A686F75222C22757365724964223A3136363934382C22757365416D6F756E74223A323033352E302C227573657254797065223A317D7D, 0x7B22636F6465223A3230302C2264617461223A7B226C6F67696E6E616D65223A223133313531383135323533222C2270686F6E65223A223133313531383135323533222C2268656164496D67223A22687474703A2F2F3139322E3136382E3130312E3234322F63646E2F633765612F313333342F313661332F346465372F623364612F343236632F383032612F356230352F63376561313333343136613334646537623364613432366338303261356230352E706E67222C226E69636B6E616D65466C6167223A66616C73652C226E69636B6E616D65223A227A686F757A686F75222C22757365724964223A33372C22757365416D6F756E74223A312E333134353134343345382C227573657254797065223A317D7D, 'SUCCESS', null, '1.0.3', '200001', '13151815253/zhouzhou', '2017-06-13 17:46:38', null, null);
INSERT INTO `a_result_detail` VALUES ('23', '9', '2', '个人中心-获取用户个人信息', 'POST', '/api/app/usercenter/getUserPersonalInfo', null, 'headImg,userId,useAmount', null, 0x7B22636F6465223A3230302C2264617461223A7B226C6F67696E6E616D65223A223133313531383135323533222C2270686F6E65223A223133313531383135323533222C2268656164496D67223A22222C226E69636B6E616D65466C6167223A66616C73652C226E69636B6E616D65223A227A686F757A686F75222C22757365724964223A3136363934382C22757365416D6F756E74223A323033352E302C227573657254797065223A317D7D, 0x7B22636F6465223A3230302C2264617461223A7B226C6F67696E6E616D65223A223133313531383135323533222C2270686F6E65223A223133313531383135323533222C2268656164496D67223A22687474703A2F2F3139322E3136382E3130312E3234322F63646E2F633765612F313333342F313661332F346465372F623364612F343236632F383032612F356230352F63376561313333343136613334646537623364613432366338303261356230352E706E67222C226E69636B6E616D65466C6167223A66616C73652C226E69636B6E616D65223A227A686F757A686F75222C22757365724964223A33372C22757365416D6F756E74223A312E333134353134343345382C227573657254797065223A317D7D, 'SUCCESS', null, '1.0.3', '100004', '13151815253/zhouzhou', '2017-06-13 18:35:14', null, null);
INSERT INTO `a_result_detail` VALUES ('24', '9', '1', '个人中心-获取用户金叶子数', 'POST', '/api/app/usercenter/getUseAmount', null, '', null, 0x7B22636F6465223A3230302C2264617461223A3133313435313434337D, 0x7B22636F6465223A3230302C2264617461223A312E333134353134343345387D, 'SUCCESS', null, '1.0.3', '100004', '13151815253/zhouzhou', '2017-06-13 18:35:14', null, null);
INSERT INTO `a_result_detail` VALUES ('25', '9', '2', '个人中心-获取用户个人信息', 'POST', '/api/app/usercenter/getUserPersonalInfo', null, 'headImg,userId,useAmount', null, 0x7B22636F6465223A3230302C2264617461223A7B226C6F67696E6E616D65223A223133313531383135323533222C2270686F6E65223A223133313531383135323533222C2268656164496D67223A22222C226E69636B6E616D65466C6167223A66616C73652C226E69636B6E616D65223A227A686F757A686F75222C22757365724964223A3136363934382C22757365416D6F756E74223A323033352E302C227573657254797065223A317D7D, 0x7B22636F6465223A3230302C2264617461223A7B226C6F67696E6E616D65223A223133313531383135323533222C2270686F6E65223A223133313531383135323533222C2268656164496D67223A22687474703A2F2F3139322E3136382E3130312E3234322F63646E2F633765612F313333342F313661332F346465372F623364612F343236632F383032612F356230352F63376561313333343136613334646537623364613432366338303261356230352E706E67222C226E69636B6E616D65466C6167223A66616C73652C226E69636B6E616D65223A227A686F757A686F75222C22757365724964223A33372C22757365416D6F756E74223A312E333134353134343345382C227573657254797065223A317D7D, 'SUCCESS', null, '1.0.3', '200001', '13151815253/zhouzhou', '2017-06-13 18:35:15', null, null);
INSERT INTO `a_result_detail` VALUES ('26', '9', '1', '个人中心-获取用户金叶子数', 'POST', '/api/app/usercenter/getUseAmount', null, '', null, 0x7B22636F6465223A3230302C2264617461223A3133313435313434337D, 0x7B22636F6465223A3230302C2264617461223A312E333134353134343345387D, 'SUCCESS', null, '1.0.3', '200001', '13151815253/zhouzhou', '2017-06-13 18:35:15', null, null);
INSERT INTO `a_result_detail` VALUES ('27', '10', '2', '个人中心-获取用户个人信息', 'POST', '/api/app/usercenter/getUserPersonalInfo', null, 'headImg,userId,useAmount', null, 0x7B22636F6465223A3430312C226D657373616765223A22E794A8E688B7E6B2A1E69C89E799BBE5BD95227D, 0x7B22636F6465223A3430312C226D657373616765223A22E794A8E688B7E6B2A1E69C89E799BBE5BD95227D, 'SUCCESS', null, '1.0.3', '100004', null, '2017-06-13 18:35:42', null, null);
INSERT INTO `a_result_detail` VALUES ('28', '10', '2', '个人中心-获取用户个人信息', 'POST', '/api/app/usercenter/getUserPersonalInfo', null, 'headImg,userId,useAmount', null, 0x7B22636F6465223A3430312C226D657373616765223A22E794A8E688B7E6B2A1E69C89E799BBE5BD95227D, 0x7B22636F6465223A3430312C226D657373616765223A22E794A8E688B7E6B2A1E69C89E799BBE5BD95227D, 'SUCCESS', null, '1.0.3', '200001', null, '2017-06-13 18:35:42', null, null);
INSERT INTO `a_result_detail` VALUES ('29', '10', '1', '个人中心-获取用户金叶子数', 'POST', '/api/app/usercenter/getUseAmount', null, '', null, 0x7B22636F6465223A3230302C2264617461223A3133313435313434337D, 0x7B22636F6465223A3430312C226D657373616765223A22E794A8E688B7E6B2A1E69C89E799BBE5BD95227D, 'FAILURE', null, '1.0.3', '200001', null, '2017-06-13 18:35:42', null, null);
INSERT INTO `a_result_detail` VALUES ('30', '10', '1', '个人中心-获取用户金叶子数', 'POST', '/api/app/usercenter/getUseAmount', null, '', null, 0x7B22636F6465223A3230302C2264617461223A3133313435313434337D, 0x7B22636F6465223A3430312C226D657373616765223A22E794A8E688B7E6B2A1E69C89E799BBE5BD95227D, 'FAILURE', null, '1.0.3', '100004', null, '2017-06-13 18:35:42', null, null);
INSERT INTO `a_result_detail` VALUES ('31', '11', '2', '个人中心-获取用户个人信息', 'POST', '/api/app/usercenter/getUserPersonalInfo', null, 'headImg,userId,useAmount', null, 0x7B22636F6465223A3230302C2264617461223A7B226C6F67696E6E616D65223A223133313531383135323533222C2270686F6E65223A223133313531383135323533222C2268656164496D67223A22222C226E69636B6E616D65466C6167223A66616C73652C226E69636B6E616D65223A227A686F757A686F75222C22757365724964223A3136363934382C22757365416D6F756E74223A323033352E302C227573657254797065223A317D7D, 0x7B22636F6465223A3230302C2264617461223A7B226C6F67696E6E616D65223A223133313531383135323533222C2270686F6E65223A223133313531383135323533222C2268656164496D67223A22687474703A2F2F3139322E3136382E3130312E3234322F63646E2F633765612F313333342F313661332F346465372F623364612F343236632F383032612F356230352F63376561313333343136613334646537623364613432366338303261356230352E706E67222C226E69636B6E616D65466C6167223A66616C73652C226E69636B6E616D65223A227A686F757A686F75222C22757365724964223A33372C22757365416D6F756E74223A312E333134353134343345382C227573657254797065223A317D7D, 'SUCCESS', null, '1.0.3', '100004', '13151815253/zhouzhou', '2017-06-13 18:51:32', null, null);
INSERT INTO `a_result_detail` VALUES ('32', '11', '1', '个人中心-获取用户金叶子数', 'POST', '/api/app/usercenter/getUseAmount', null, '', null, 0x7B22636F6465223A3230302C2264617461223A3133313435313434337D, 0x7B22636F6465223A3230302C2264617461223A312E333134353134343345387D, 'SUCCESS', null, '1.0.3', '100004', '13151815253/zhouzhou', '2017-06-13 18:51:32', null, null);
INSERT INTO `a_result_detail` VALUES ('33', '11', '2', '个人中心-获取用户个人信息', 'POST', '/api/app/usercenter/getUserPersonalInfo', null, 'headImg,userId,useAmount', null, 0x7B22636F6465223A3230302C2264617461223A7B226C6F67696E6E616D65223A223133313531383135323533222C2270686F6E65223A223133313531383135323533222C2268656164496D67223A22222C226E69636B6E616D65466C6167223A66616C73652C226E69636B6E616D65223A227A686F757A686F75222C22757365724964223A3136363934382C22757365416D6F756E74223A323033352E302C227573657254797065223A317D7D, 0x7B22636F6465223A3230302C2264617461223A7B226C6F67696E6E616D65223A223133313531383135323533222C2270686F6E65223A223133313531383135323533222C2268656164496D67223A22687474703A2F2F3139322E3136382E3130312E3234322F63646E2F633765612F313333342F313661332F346465372F623364612F343236632F383032612F356230352F63376561313333343136613334646537623364613432366338303261356230352E706E67222C226E69636B6E616D65466C6167223A66616C73652C226E69636B6E616D65223A227A686F757A686F75222C22757365724964223A33372C22757365416D6F756E74223A312E333134353134343345382C227573657254797065223A317D7D, 'SUCCESS', null, '1.0.3', '200001', '13151815253/zhouzhou', '2017-06-13 18:51:33', null, null);
INSERT INTO `a_result_detail` VALUES ('34', '11', '1', '个人中心-获取用户金叶子数', 'POST', '/api/app/usercenter/getUseAmount', null, '', null, 0x7B22636F6465223A3230302C2264617461223A3133313435313434337D, 0x7B22636F6465223A3230302C2264617461223A312E333134353134343345387D, 'SUCCESS', null, '1.0.3', '200001', '13151815253/zhouzhou', '2017-06-13 18:51:33', null, null);
INSERT INTO `a_result_detail` VALUES ('35', '12', '2', '个人中心-获取用户个人信息', 'POST', '/api/app/usercenter/getUserPersonalInfo', null, 'headImg,userId,useAmount', null, 0x7B22636F6465223A3230302C2264617461223A7B226C6F67696E6E616D65223A223133313531383135323533222C2270686F6E65223A223133313531383135323533222C2268656164496D67223A22222C226E69636B6E616D65466C6167223A66616C73652C226E69636B6E616D65223A227A686F757A686F75222C22757365724964223A3136363934382C22757365416D6F756E74223A323033352E302C227573657254797065223A317D7D, 0x7B22636F6465223A3230302C2264617461223A7B226C6F67696E6E616D65223A223133313531383135323533222C2270686F6E65223A223133313531383135323533222C2268656164496D67223A22687474703A2F2F3139322E3136382E3130312E3234322F63646E2F633765612F313333342F313661332F346465372F623364612F343236632F383032612F356230352F63376561313333343136613334646537623364613432366338303261356230352E706E67222C226E69636B6E616D65466C6167223A66616C73652C226E69636B6E616D65223A227A686F757A686F75222C22757365724964223A33372C22757365416D6F756E74223A312E333134353134343345382C227573657254797065223A317D7D, 'SUCCESS', null, '1.0.3', '100004', '13151815253/zhouzhou', '2017-06-13 18:58:21', null, null);
INSERT INTO `a_result_detail` VALUES ('36', '12', '1', '个人中心-获取用户金叶子数', 'POST', '/api/app/usercenter/getUseAmount', null, '', null, 0x7B22636F6465223A3230302C2264617461223A3133313435313434337D, 0x7B22636F6465223A3230302C2264617461223A312E333134353134343345387D, 'SUCCESS', null, '1.0.3', '100004', '13151815253/zhouzhou', '2017-06-13 18:58:21', null, null);
INSERT INTO `a_result_detail` VALUES ('37', '12', '2', '个人中心-获取用户个人信息', 'POST', '/api/app/usercenter/getUserPersonalInfo', null, 'headImg,userId,useAmount', null, 0x7B22636F6465223A3230302C2264617461223A7B226C6F67696E6E616D65223A223133313531383135323533222C2270686F6E65223A223133313531383135323533222C2268656164496D67223A22222C226E69636B6E616D65466C6167223A66616C73652C226E69636B6E616D65223A227A686F757A686F75222C22757365724964223A3136363934382C22757365416D6F756E74223A323033352E302C227573657254797065223A317D7D, 0x7B22636F6465223A3230302C2264617461223A7B226C6F67696E6E616D65223A223133313531383135323533222C2270686F6E65223A223133313531383135323533222C2268656164496D67223A22687474703A2F2F3139322E3136382E3130312E3234322F63646E2F633765612F313333342F313661332F346465372F623364612F343236632F383032612F356230352F63376561313333343136613334646537623364613432366338303261356230352E706E67222C226E69636B6E616D65466C6167223A66616C73652C226E69636B6E616D65223A227A686F757A686F75222C22757365724964223A33372C22757365416D6F756E74223A312E333134353134343345382C227573657254797065223A317D7D, 'SUCCESS', null, '1.0.3', '200001', '13151815253/zhouzhou', '2017-06-13 18:58:22', null, null);
INSERT INTO `a_result_detail` VALUES ('38', '12', '1', '个人中心-获取用户金叶子数', 'POST', '/api/app/usercenter/getUseAmount', null, '', null, 0x7B22636F6465223A3230302C2264617461223A3133313435313434337D, 0x7B22636F6465223A3230302C2264617461223A312E333134353134343345387D, 'SUCCESS', null, '1.0.3', '200001', '13151815253/zhouzhou', '2017-06-13 18:58:22', null, null);
INSERT INTO `a_result_detail` VALUES ('39', '13', '2', '个人中心-获取用户个人信息', 'POST', '/api/app/usercenter/getUserPersonalInfo', null, 'headImg,userId,useAmount', null, 0x7B22636F6465223A3430312C226D657373616765223A22E794A8E688B7E6B2A1E69C89E799BBE5BD95227D, 0x7B22636F6465223A3430312C226D657373616765223A22E794A8E688B7E6B2A1E69C89E799BBE5BD95227D, 'SUCCESS', null, '1.0.3', '200001', null, '2017-06-14 09:56:13', null, null);
INSERT INTO `a_result_detail` VALUES ('40', '13', '1', '个人中心-获取用户金叶子数', 'POST', '/api/app/usercenter/getUseAmount', null, '', null, 0x7B22636F6465223A3230302C2264617461223A3133313435313434337D, 0x7B22636F6465223A3430312C226D657373616765223A22E794A8E688B7E6B2A1E69C89E799BBE5BD95227D, 'FAILURE', null, '1.0.3', '200001', null, '2017-06-14 09:56:13', null, null);
INSERT INTO `a_result_detail` VALUES ('41', '13', '2', '个人中心-获取用户个人信息', 'POST', '/api/app/usercenter/getUserPersonalInfo', null, 'headImg,userId,useAmount', null, 0x7B22636F6465223A3430312C226D657373616765223A22E794A8E688B7E6B2A1E69C89E799BBE5BD95227D, 0x7B22636F6465223A3430312C226D657373616765223A22E794A8E688B7E6B2A1E69C89E799BBE5BD95227D, 'SUCCESS', null, '1.0.3', '100004', null, '2017-06-14 09:56:16', null, null);
INSERT INTO `a_result_detail` VALUES ('42', '13', '1', '个人中心-获取用户金叶子数', 'POST', '/api/app/usercenter/getUseAmount', null, '', null, 0x7B22636F6465223A3230302C2264617461223A3133313435313434337D, 0x7B22636F6465223A3430312C226D657373616765223A22E794A8E688B7E6B2A1E69C89E799BBE5BD95227D, 'FAILURE', null, '1.0.3', '100004', null, '2017-06-14 09:56:16', null, null);
INSERT INTO `a_result_detail` VALUES ('43', '14', '1', '个人中心-获取用户金叶子数', 'POST', '/api/app/usercenter/getUseAmount', null, '', null, 0x7B22636F6465223A3230302C2264617461223A3133313435313434337D, 0x7B22636F6465223A3430312C226D657373616765223A22E794A8E688B7E6B2A1E69C89E799BBE5BD95227D, 'FAILURE', null, '1.0.3', '100004', null, '2017-06-14 11:25:46', null, null);
INSERT INTO `a_result_detail` VALUES ('44', '14', '1', '个人中心-获取用户金叶子数', 'POST', '/api/app/usercenter/getUseAmount', null, '', null, 0x7B22636F6465223A3230302C2264617461223A3133313435313434337D, 0x7B22636F6465223A3430312C226D657373616765223A22E794A8E688B7E6B2A1E69C89E799BBE5BD95227D, 'FAILURE', null, '1.0.3', '200001', null, '2017-06-14 11:25:49', null, null);
INSERT INTO `a_result_detail` VALUES ('45', '15', '1', '个人中心-获取用户金叶子数', 'POST', '/api/app/usercenter/getUseAmount', null, '', null, 0x7B22636F6465223A203230302C2264617461223A5B7B226368616E67654D6F6E6579223A20373532312C2263726561746554696D65223A202232303137E5B9B43033E69C883231E697A52030303A3031222C226E616D65223A2022E5B9B3E58FB0227D2C7B226368616E67654D6F6E6579223A20323832302C2263726561746554696D65223A202232303137E5B9B43033E69C883230E697A52032313A3039222C226E616D65223A2022E6A2A6E683B3E9A39EE99596227D2C7B226368616E67654D6F6E6579223A203530302C2263726561746554696D65223A202232303137E5B9B43033E69C883230E697A52032313A3039222C226E616D65223A2022E6A2A6E683B3E9A39EE99596227D5D7D, 0x7B22636F6465223A203230302C2264617461223A5B7B226368616E67654D6F6E6579223A20323832302C2263726561746554696D65223A202232303137E5B9B43033E69C883230E697A52032313A3039222C226E616D65223A2022E6A2A6E683B3E9A39EE99596227D2C7B226368616E67654D6F6E6579223A20373532312C2263726561746554696D65223A202232303137E5B9B43033E69C883231E697A52030303A3031222C226E616D65223A2022E5B9B3E58FB0227D2C7B226368616E67654D6F6E6579223A203530302C2263726561746554696D65223A202232303137E5B9B43033E69C883230E697A52032313A3039222C226E616D65223A2022E6A2A6E683B3E9A39EE99596227D5D7D, 'SUCCESS', null, '1.0.3', '100004', null, '2017-06-14 11:28:11', null, null);
INSERT INTO `a_result_detail` VALUES ('46', '15', '1', '个人中心-获取用户金叶子数', 'POST', '/api/app/usercenter/getUseAmount', null, '', null, 0x7B22636F6465223A203230302C2264617461223A5B7B226368616E67654D6F6E6579223A20373532312C2263726561746554696D65223A202232303137E5B9B43033E69C883231E697A52030303A3031222C226E616D65223A2022E5B9B3E58FB0227D2C7B226368616E67654D6F6E6579223A20323832302C2263726561746554696D65223A202232303137E5B9B43033E69C883230E697A52032313A3039222C226E616D65223A2022E6A2A6E683B3E9A39EE99596227D2C7B226368616E67654D6F6E6579223A203530302C2263726561746554696D65223A202232303137E5B9B43033E69C883230E697A52032313A3039222C226E616D65223A2022E6A2A6E683B3E9A39EE99596227D5D7D, 0x7B22636F6465223A203230302C2264617461223A5B7B226368616E67654D6F6E6579223A20323832302C2263726561746554696D65223A202232303137E5B9B43033E69C883230E697A52032313A3039222C226E616D65223A2022E6A2A6E683B3E9A39EE99596227D2C7B226368616E67654D6F6E6579223A20373532312C2263726561746554696D65223A202232303137E5B9B43033E69C883231E697A52030303A3031222C226E616D65223A2022E5B9B3E58FB0227D2C7B226368616E67654D6F6E6579223A203530302C2263726561746554696D65223A202232303137E5B9B43033E69C883230E697A52032313A3039222C226E616D65223A2022E6A2A6E683B3E9A39EE99596227D5D7D, 'SUCCESS', null, '1.0.3', '200001', null, '2017-06-14 11:28:11', null, null);
INSERT INTO `a_result_detail` VALUES ('47', '16', '1', '个人中心-获取用户金叶子数', 'POST', '/api/app/usercenter/getUseAmount', null, '', null, 0x7B22636F6465223A203230302C2264617461223A5B7B226368616E67654D6F6E6579223A20373532312C2263726561746554696D65223A202232303137E5B9B43033E69C883231E697A52030303A3031222C226E616D65223A2022E5B9B3E58FB0227D2C7B226368616E67654D6F6E6579223A20323832302C2263726561746554696D65223A202232303137E5B9B43033E69C883230E697A52032313A3039222C226E616D65223A2022E6A2A6E683B3E9A39EE99596227D2C7B226368616E67654D6F6E6579223A203530302C2263726561746554696D65223A202232303137E5B9B43033E69C883230E697A52032313A3039222C226E616D65223A2022E6A2A6E683B3E9A39EE99596227D5D7D, 0x7B22636F6465223A203230302C2264617461223A5B7B2263726561746554696D65223A202232303137E5B9B43033E69C883230E697A52032313A3039222C226368616E67654D6F6E6579223A20323832302C226E616D65223A2022E6A2A6E683B3E9A39EE99596227D2C7B226368616E67654D6F6E6579223A20373532312C2263726561746554696D65223A202232303137E5B9B43033E69C883231E697A52030303A3031222C226E616D65223A2022E5B9B3E58FB0227D2C7B226368616E67654D6F6E6579223A203530302C226E616D65223A2022E6A2A6E683B3E9A39EE99596222C2263726561746554696D65223A202232303137E5B9B43033E69C883230E697A52032313A3039227D5D7D, 'SUCCESS', null, '1.0.3', '200001', null, '2017-06-14 11:38:04', null, null);
INSERT INTO `a_result_detail` VALUES ('48', '16', '1', '个人中心-获取用户金叶子数', 'POST', '/api/app/usercenter/getUseAmount', null, '', null, 0x7B22636F6465223A203230302C2264617461223A5B7B226368616E67654D6F6E6579223A20373532312C2263726561746554696D65223A202232303137E5B9B43033E69C883231E697A52030303A3031222C226E616D65223A2022E5B9B3E58FB0227D2C7B226368616E67654D6F6E6579223A20323832302C2263726561746554696D65223A202232303137E5B9B43033E69C883230E697A52032313A3039222C226E616D65223A2022E6A2A6E683B3E9A39EE99596227D2C7B226368616E67654D6F6E6579223A203530302C2263726561746554696D65223A202232303137E5B9B43033E69C883230E697A52032313A3039222C226E616D65223A2022E6A2A6E683B3E9A39EE99596227D5D7D, 0x7B22636F6465223A203230302C2264617461223A5B7B2263726561746554696D65223A202232303137E5B9B43033E69C883230E697A52032313A3039222C226368616E67654D6F6E6579223A20323832302C226E616D65223A2022E6A2A6E683B3E9A39EE99596227D2C7B226368616E67654D6F6E6579223A20373532312C2263726561746554696D65223A202232303137E5B9B43033E69C883231E697A52030303A3031222C226E616D65223A2022E5B9B3E58FB0227D2C7B226368616E67654D6F6E6579223A203530302C226E616D65223A2022E6A2A6E683B3E9A39EE99596222C2263726561746554696D65223A202232303137E5B9B43033E69C883230E697A52032313A3039227D5D7D, 'SUCCESS', null, '1.0.3', '100004', null, '2017-06-14 11:38:04', null, null);
INSERT INTO `a_result_detail` VALUES ('49', '17', '1', '个人中心-获取用户金叶子数', 'POST', '/api/app/usercenter/getUseAmount', null, '', null, 0x7B22636F6465223A3230302C2264617461223A5B7B226368616E67654D6F6E6579223A323832302C2263726561746554696D65223A2232303137E5B9B43033E69C883230E697A52032313A3039222C226E616D65223A22E6A2A6E683B3E9A39EE99596227D2C7B226368616E67654D6F6E6579223A3530302C2263726561746554696D65223A2232303137E5B9B43033E69C883230E697A52032313A3039222C226E616D65223A22E6A2A6E683B3E9A39EE99596227D2C7B226368616E67654D6F6E6579223A373532312C2263726561746554696D65223A2232303137E5B9B43033E69C883231E697A52030303A3031222C226E616D65223A22E5B9B3E58FB0227D5D7D, 0x7B22636F6465223A3230302C2264617461223A5B7B226368616E67654D6F6E6579223A323832302C2263726561746554696D65223A2232303137E5B9B43033E69C883230E697A52032313A3039222C226E616D65223A22E6A2A6E683B3E9A39EE99596227D2C7B226368616E67654D6F6E6579223A3530302C2263726561746554696D65223A2232303137E5B9B43033E69C883230E697A52032313A3039222C226E616D65223A22E6A2A6E683B3E9A39EE99596227D2C7B226368616E67654D6F6E6579223A373532312C2263726561746554696D65223A2232303137E5B9B43033E69C883231E697A52030303A3031222C226E616D65223A22E5B9B3E58FB0227D5D7D, 'SUCCESS', null, '1.0.3', '100004', null, '2017-06-14 14:40:54', null, null);
INSERT INTO `a_result_detail` VALUES ('50', '17', '1', '个人中心-获取用户金叶子数', 'POST', '/api/app/usercenter/getUseAmount', null, '', null, 0x7B22636F6465223A3230302C2264617461223A5B7B226368616E67654D6F6E6579223A323832302C2263726561746554696D65223A2232303137E5B9B43033E69C883230E697A52032313A3039222C226E616D65223A22E6A2A6E683B3E9A39EE99596227D2C7B226368616E67654D6F6E6579223A3530302C2263726561746554696D65223A2232303137E5B9B43033E69C883230E697A52032313A3039222C226E616D65223A22E6A2A6E683B3E9A39EE99596227D2C7B226368616E67654D6F6E6579223A373532312C2263726561746554696D65223A2232303137E5B9B43033E69C883231E697A52030303A3031222C226E616D65223A22E5B9B3E58FB0227D5D7D, 0x7B22636F6465223A3230302C2264617461223A5B7B226368616E67654D6F6E6579223A323832302C2263726561746554696D65223A2232303137E5B9B43033E69C883230E697A52032313A3039222C226E616D65223A22E6A2A6E683B3E9A39EE99596227D2C7B226368616E67654D6F6E6579223A3530302C2263726561746554696D65223A2232303137E5B9B43033E69C883230E697A52032313A3039222C226E616D65223A22E6A2A6E683B3E9A39EE99596227D2C7B226368616E67654D6F6E6579223A373532312C2263726561746554696D65223A2232303137E5B9B43033E69C883231E697A52030303A3031222C226E616D65223A22E5B9B3E58FB0227D5D7D, 'SUCCESS', null, '1.0.3', '200001', null, '2017-06-14 14:40:54', null, null);
INSERT INTO `a_result_detail` VALUES ('51', '18', '1', '个人中心-获取用户金叶子数', 'POST', '/api/app/usercenter/getUseAmount', null, '', null, 0x7B22636F6465223A3230302C2264617461223A3133313435313434337D, 0x7B22636F6465223A3430312C226D657373616765223A22E794A8E688B7E6B2A1E69C89E799BBE5BD95227D, 'FAILURE', null, '1.0.3', '100004', null, '2017-06-14 14:55:15', null, null);
INSERT INTO `a_result_detail` VALUES ('52', '18', '1', '个人中心-获取用户金叶子数', 'POST', '/api/app/usercenter/getUseAmount', null, '', null, 0x7B22636F6465223A3230302C2264617461223A3133313435313434337D, 0x7B22636F6465223A3430312C226D657373616765223A22E794A8E688B7E6B2A1E69C89E799BBE5BD95227D, 'FAILURE', null, '1.0.3', '200001', null, '2017-06-14 14:55:18', null, null);
INSERT INTO `a_result_detail` VALUES ('53', '19', '2', '个人中心-获取用户个人信息', 'POST', '/api/app/usercenter/getUserPersonalInfo', null, 'headImg,userId,useAmount', null, 0x7B22636F6465223A3430312C226D657373616765223A22E794A8E688B7E6B2A1E69C89E799BBE5BD95227D, 0x7B22636F6465223A3430312C226D657373616765223A22E794A8E688B7E6B2A1E69C89E799BBE5BD95227D, 'SUCCESS', null, '1.0.3', '200001', null, '2017-06-14 15:09:30', null, null);
INSERT INTO `a_result_detail` VALUES ('54', '19', '2', '个人中心-获取用户个人信息', 'POST', '/api/app/usercenter/getUserPersonalInfo', null, 'headImg,userId,useAmount', null, 0x7B22636F6465223A3430312C226D657373616765223A22E794A8E688B7E6B2A1E69C89E799BBE5BD95227D, 0x7B22636F6465223A3430312C226D657373616765223A22E794A8E688B7E6B2A1E69C89E799BBE5BD95227D, 'SUCCESS', null, '1.0.3', '100004', null, '2017-06-14 15:09:30', null, null);
INSERT INTO `a_result_detail` VALUES ('55', '19', '1', '个人中心-获取用户金叶子数', 'POST', '/api/app/usercenter/getUseAmount', null, '', null, 0x7B22636F6465223A3230302C2264617461223A3133313435313434337D, 0x7B22636F6465223A3430312C226D657373616765223A22E794A8E688B7E6B2A1E69C89E799BBE5BD95227D, 'FAILURE', null, '1.0.3', '200001', null, '2017-06-14 15:09:30', null, null);
INSERT INTO `a_result_detail` VALUES ('56', '19', '1', '个人中心-获取用户金叶子数', 'POST', '/api/app/usercenter/getUseAmount', null, '', null, 0x7B22636F6465223A3230302C2264617461223A3133313435313434337D, 0x7B22636F6465223A3430312C226D657373616765223A22E794A8E688B7E6B2A1E69C89E799BBE5BD95227D, 'FAILURE', null, '1.0.3', '100004', null, '2017-06-14 15:09:30', null, null);
INSERT INTO `a_result_detail` VALUES ('57', '20', '1', '个人中心-获取用户金叶子数', 'POST', '/api/app/usercenter/getUseAmount', null, '', null, 0x7B22636F6465223A3230302C2264617461223A3133313435313434337D, 0x7B22636F6465223A3430312C226D657373616765223A22E794A8E688B7E6B2A1E69C89E799BBE5BD95227D, 'FAILURE', null, '1.0.3', '100004', null, '2017-06-14 15:26:54', null, null);
INSERT INTO `a_result_detail` VALUES ('58', '20', '1', '个人中心-获取用户金叶子数', 'POST', '/api/app/usercenter/getUseAmount', null, '', null, 0x7B22636F6465223A3230302C2264617461223A3133313435313434337D, 0x7B22636F6465223A3430312C226D657373616765223A22E794A8E688B7E6B2A1E69C89E799BBE5BD95227D, 'FAILURE', null, '1.0.3', '200001', null, '2017-06-14 15:26:57', null, null);
INSERT INTO `a_result_detail` VALUES ('59', '21', '2', '个人中心-获取用户个人信息', 'POST', '/api/app/usercenter/getUserPersonalInfo', null, 'headImg,userId,useAmount', null, 0x7B22636F6465223A3230302C2264617461223A7B2268656164496D67223A22222C226C6F67696E6E616D65223A223133313531383135323533222C2270686F6E65223A223133313531383135323533222C226E69636B6E616D65466C6167223A66616C73652C226E69636B6E616D65223A227A686F757A686F75222C227573657254797065223A312C22757365724964223A3136363934382C22757365416D6F756E74223A323033352E307D7D, 0x7B22636F6465223A3230302C2264617461223A7B2268656164496D67223A22687474703A2F2F3139322E3136382E3130312E3234322F63646E2F633765612F313333342F313661332F346465372F623364612F343236632F383032612F356230352F63376561313333343136613334646537623364613432366338303261356230352E706E67222C226C6F67696E6E616D65223A223133313531383135323533222C2270686F6E65223A223133313531383135323533222C226E69636B6E616D65466C6167223A66616C73652C226E69636B6E616D65223A227A686F757A686F75222C227573657254797065223A312C22757365724964223A33372C22757365416D6F756E74223A3133313435313434337D7D, 'SUCCESS', null, '1.0.3', '100004', '13151815253/zhouzhou', '2017-06-14 15:27:18', null, null);
INSERT INTO `a_result_detail` VALUES ('60', '21', '1', '个人中心-获取用户金叶子数', 'POST', '/api/app/usercenter/getUseAmount', null, '', null, 0x7B22636F6465223A3230302C2264617461223A3133313435313434337D, 0x7B22636F6465223A3230302C2264617461223A3133313435313434337D, 'SUCCESS', null, '1.0.3', '100004', '13151815253/zhouzhou', '2017-06-14 15:27:18', null, null);
INSERT INTO `a_result_detail` VALUES ('61', '21', '2', '个人中心-获取用户个人信息', 'POST', '/api/app/usercenter/getUserPersonalInfo', null, 'headImg,userId,useAmount', null, 0x7B22636F6465223A3230302C2264617461223A7B2268656164496D67223A22222C226C6F67696E6E616D65223A223133313531383135323533222C2270686F6E65223A223133313531383135323533222C226E69636B6E616D65466C6167223A66616C73652C226E69636B6E616D65223A227A686F757A686F75222C227573657254797065223A312C22757365724964223A3136363934382C22757365416D6F756E74223A323033352E307D7D, 0x7B22636F6465223A3230302C2264617461223A7B2268656164496D67223A22687474703A2F2F3139322E3136382E3130312E3234322F63646E2F633765612F313333342F313661332F346465372F623364612F343236632F383032612F356230352F63376561313333343136613334646537623364613432366338303261356230352E706E67222C226C6F67696E6E616D65223A223133313531383135323533222C2270686F6E65223A223133313531383135323533222C226E69636B6E616D65466C6167223A66616C73652C226E69636B6E616D65223A227A686F757A686F75222C227573657254797065223A312C22757365724964223A33372C22757365416D6F756E74223A3133313435313434337D7D, 'SUCCESS', null, '1.0.3', '200001', '13151815253/zhouzhou', '2017-06-14 15:27:19', null, null);
INSERT INTO `a_result_detail` VALUES ('62', '21', '1', '个人中心-获取用户金叶子数', 'POST', '/api/app/usercenter/getUseAmount', null, '', null, 0x7B22636F6465223A3230302C2264617461223A3133313435313434337D, 0x7B22636F6465223A3230302C2264617461223A3133313435313434337D, 'SUCCESS', null, '1.0.3', '200001', '13151815253/zhouzhou', '2017-06-14 15:27:19', null, null);
INSERT INTO `a_result_detail` VALUES ('63', '22', '1', '个人中心-获取用户金叶子数', 'POST', '/api/app/usercenter/getUseAmount', null, '', null, 0x7B22636F6465223A3230302C2264617461223A3133313435313434337D, 0x7B22636F6465223A3230302C2264617461223A3133313435313434337D, 'SUCCESS', null, '1.0.3', '100004', '13151815253/zhouzhou', '2017-06-14 16:20:49', null, null);
INSERT INTO `a_result_detail` VALUES ('64', '22', '2', '个人中心-获取用户个人信息', 'POST', '/api/app/usercenter/getUserPersonalInfo', null, 'headImg,userId,useAmount', null, 0x7B22636F6465223A3230302C2264617461223A7B2268656164496D67223A22222C226C6F67696E6E616D65223A223133313531383135323533222C2270686F6E65223A223133313531383135323533222C226E69636B6E616D65466C6167223A66616C73652C226E69636B6E616D65223A227A686F757A686F75222C227573657254797065223A312C22757365724964223A3136363934382C22757365416D6F756E74223A323033352E307D7D, 0x7B22636F6465223A3230302C2264617461223A7B2268656164496D67223A22687474703A2F2F3139322E3136382E3130312E3234322F63646E2F633765612F313333342F313661332F346465372F623364612F343236632F383032612F356230352F63376561313333343136613334646537623364613432366338303261356230352E706E67222C226C6F67696E6E616D65223A223133313531383135323533222C2270686F6E65223A223133313531383135323533222C226E69636B6E616D65466C6167223A66616C73652C226E69636B6E616D65223A227A686F757A686F75222C227573657254797065223A312C22757365724964223A33372C22757365416D6F756E74223A3133313435313434337D7D, 'SUCCESS', null, '1.0.3', '100004', '13151815253/zhouzhou', '2017-06-14 16:20:50', null, null);
INSERT INTO `a_result_detail` VALUES ('65', '22', '1', '个人中心-获取用户金叶子数', 'POST', '/api/app/usercenter/getUseAmount', null, '', null, 0x7B22636F6465223A3230302C2264617461223A3133313435313434337D, 0x7B22636F6465223A3230302C2264617461223A3133313435313434337D, 'SUCCESS', null, '1.0.3', '100004', '13151815253/zhouzhou', '2017-06-14 16:20:50', null, null);
INSERT INTO `a_result_detail` VALUES ('66', '22', '1', '个人中心-获取用户金叶子数', 'POST', '/api/app/usercenter/getUseAmount', null, '', null, 0x7B22636F6465223A3230302C2264617461223A3133313435313434337D, 0x7B22636F6465223A3230302C2264617461223A3133313435313434337D, 'SUCCESS', null, '1.0.3', '200001', '13151815253/zhouzhou', '2017-06-14 16:20:50', null, null);
INSERT INTO `a_result_detail` VALUES ('67', '22', '2', '个人中心-获取用户个人信息', 'POST', '/api/app/usercenter/getUserPersonalInfo', null, 'headImg,userId,useAmount', null, 0x7B22636F6465223A3230302C2264617461223A7B2268656164496D67223A22222C226C6F67696E6E616D65223A223133313531383135323533222C2270686F6E65223A223133313531383135323533222C226E69636B6E616D65466C6167223A66616C73652C226E69636B6E616D65223A227A686F757A686F75222C227573657254797065223A312C22757365724964223A3136363934382C22757365416D6F756E74223A323033352E307D7D, 0x7B22636F6465223A3230302C2264617461223A7B2268656164496D67223A22687474703A2F2F3139322E3136382E3130312E3234322F63646E2F633765612F313333342F313661332F346465372F623364612F343236632F383032612F356230352F63376561313333343136613334646537623364613432366338303261356230352E706E67222C226C6F67696E6E616D65223A223133313531383135323533222C2270686F6E65223A223133313531383135323533222C226E69636B6E616D65466C6167223A66616C73652C226E69636B6E616D65223A227A686F757A686F75222C227573657254797065223A312C22757365724964223A33372C22757365416D6F756E74223A3133313435313434337D7D, 'SUCCESS', null, '1.0.3', '200001', '13151815253/zhouzhou', '2017-06-14 16:20:50', null, null);
INSERT INTO `a_result_detail` VALUES ('68', '22', '1', '个人中心-获取用户金叶子数', 'POST', '/api/app/usercenter/getUseAmount', null, '', null, 0x7B22636F6465223A3230302C2264617461223A3133313435313434337D, 0x7B22636F6465223A3230302C2264617461223A3133313435313434337D, 'SUCCESS', null, '1.0.3', '200001', '13151815253/zhouzhou', '2017-06-14 16:20:50', null, null);
INSERT INTO `a_result_detail` VALUES ('69', '23', '1', '个人中心-获取用户金叶子数', 'POST', '/api/app/usercenter/getUseAmount', null, '', null, 0x7B22636F6465223A3230302C2264617461223A3133313435313434337D, 0x7B22636F6465223A3230302C2264617461223A3133313435313434337D, 'SUCCESS', null, '1.0.3', '100004', '13151815253/zhouzhou', '2017-06-14 16:51:00', null, null);
INSERT INTO `a_result_detail` VALUES ('70', '23', '2', '个人中心-获取用户个人信息', 'POST', '/api/app/usercenter/getUserPersonalInfo', null, 'headImg,userId,useAmount', null, 0x7B22636F6465223A3230302C2264617461223A7B2268656164496D67223A22222C226C6F67696E6E616D65223A223133313531383135323533222C2270686F6E65223A223133313531383135323533222C226E69636B6E616D65466C6167223A66616C73652C226E69636B6E616D65223A227A686F757A686F75222C227573657254797065223A312C22757365724964223A3136363934382C22757365416D6F756E74223A323033352E307D7D, 0x7B22636F6465223A3230302C2264617461223A7B2268656164496D67223A22687474703A2F2F3139322E3136382E3130312E3234322F63646E2F633765612F313333342F313661332F346465372F623364612F343236632F383032612F356230352F63376561313333343136613334646537623364613432366338303261356230352E706E67222C226C6F67696E6E616D65223A223133313531383135323533222C2270686F6E65223A223133313531383135323533222C226E69636B6E616D65466C6167223A66616C73652C226E69636B6E616D65223A227A686F757A686F75222C227573657254797065223A312C22757365724964223A33372C22757365416D6F756E74223A3133313435313434337D7D, 'SUCCESS', null, '1.0.3', '100004', '13151815253/zhouzhou', '2017-06-14 16:51:00', null, null);
INSERT INTO `a_result_detail` VALUES ('71', '23', '1', '个人中心-获取用户金叶子数', 'POST', '/api/app/usercenter/getUseAmount', null, '', null, 0x7B22636F6465223A3230302C2264617461223A3133313435313434337D, 0x7B22636F6465223A3230302C2264617461223A3133313435313434337D, 'SUCCESS', null, '1.0.3', '100004', '13151815253/zhouzhou', '2017-06-14 16:51:00', null, null);
INSERT INTO `a_result_detail` VALUES ('72', '23', '1', '个人中心-获取用户金叶子数', 'POST', '/api/app/usercenter/getUseAmount', null, '', null, 0x7B22636F6465223A3230302C2264617461223A3133313435313434337D, 0x7B22636F6465223A3230302C2264617461223A3133313435313434337D, 'SUCCESS', null, '1.0.3', '200001', '13151815253/zhouzhou', '2017-06-14 16:51:00', null, null);
INSERT INTO `a_result_detail` VALUES ('73', '23', '2', '个人中心-获取用户个人信息', 'POST', '/api/app/usercenter/getUserPersonalInfo', null, 'headImg,userId,useAmount', null, 0x7B22636F6465223A3230302C2264617461223A7B2268656164496D67223A22222C226C6F67696E6E616D65223A223133313531383135323533222C2270686F6E65223A223133313531383135323533222C226E69636B6E616D65466C6167223A66616C73652C226E69636B6E616D65223A227A686F757A686F75222C227573657254797065223A312C22757365724964223A3136363934382C22757365416D6F756E74223A323033352E307D7D, 0x7B22636F6465223A3230302C2264617461223A7B2268656164496D67223A22687474703A2F2F3139322E3136382E3130312E3234322F63646E2F633765612F313333342F313661332F346465372F623364612F343236632F383032612F356230352F63376561313333343136613334646537623364613432366338303261356230352E706E67222C226C6F67696E6E616D65223A223133313531383135323533222C2270686F6E65223A223133313531383135323533222C226E69636B6E616D65466C6167223A66616C73652C226E69636B6E616D65223A227A686F757A686F75222C227573657254797065223A312C22757365724964223A33372C22757365416D6F756E74223A3133313435313434337D7D, 'SUCCESS', null, '1.0.3', '200001', '13151815253/zhouzhou', '2017-06-14 16:51:01', null, null);
INSERT INTO `a_result_detail` VALUES ('74', '23', '1', '个人中心-获取用户金叶子数', 'POST', '/api/app/usercenter/getUseAmount', null, '', null, 0x7B22636F6465223A3230302C2264617461223A3133313435313434337D, 0x7B22636F6465223A3230302C2264617461223A3133313435313434337D, 'SUCCESS', null, '1.0.3', '200001', '13151815253/zhouzhou', '2017-06-14 16:51:01', null, null);
INSERT INTO `a_result_detail` VALUES ('75', '24', '1', '个人中心-获取用户金叶子数', 'POST', '/api/app/usercenter/getUseAmount', null, '', null, 0x7B22636F6465223A3230302C2264617461223A3133313435313434337D, 0x7B22636F6465223A3230302C2264617461223A3133313435313434337D, 'SUCCESS', null, '1.0.3', '100004', '13151815253/zhouzhou', '2017-06-14 16:52:46', null, null);
INSERT INTO `a_result_detail` VALUES ('76', '24', '2', '个人中心-获取用户个人信息', 'POST', '/api/app/usercenter/getUserPersonalInfo', null, 'headImg,userId,useAmount', null, 0x7B22636F6465223A3230302C2264617461223A7B2268656164496D67223A22222C226C6F67696E6E616D65223A223133313531383135323533222C2270686F6E65223A223133313531383135323533222C226E69636B6E616D65466C6167223A66616C73652C226E69636B6E616D65223A227A686F757A686F75222C227573657254797065223A312C22757365724964223A3136363934382C22757365416D6F756E74223A323033352E307D7D, 0x7B22636F6465223A3230302C2264617461223A7B2268656164496D67223A22687474703A2F2F3139322E3136382E3130312E3234322F63646E2F633765612F313333342F313661332F346465372F623364612F343236632F383032612F356230352F63376561313333343136613334646537623364613432366338303261356230352E706E67222C226C6F67696E6E616D65223A223133313531383135323533222C2270686F6E65223A223133313531383135323533222C226E69636B6E616D65466C6167223A66616C73652C226E69636B6E616D65223A227A686F757A686F75222C227573657254797065223A312C22757365724964223A33372C22757365416D6F756E74223A3133313435313434337D7D, 'SUCCESS', null, '1.0.3', '100004', '13151815253/zhouzhou', '2017-06-14 16:52:47', null, null);
INSERT INTO `a_result_detail` VALUES ('77', '24', '1', '个人中心-获取用户金叶子数', 'POST', '/api/app/usercenter/getUseAmount', null, '', null, 0x7B22636F6465223A3230302C2264617461223A3133313435313434337D, 0x7B22636F6465223A3230302C2264617461223A3133313435313434337D, 'SUCCESS', null, '1.0.3', '100004', '13151815253/zhouzhou', '2017-06-14 16:52:47', null, null);
INSERT INTO `a_result_detail` VALUES ('78', '24', '1', '个人中心-获取用户金叶子数', 'POST', '/api/app/usercenter/getUseAmount', null, '', null, 0x7B22636F6465223A3230302C2264617461223A3133313435313434337D, 0x7B22636F6465223A3230302C2264617461223A3133313435313434337D, 'SUCCESS', null, '1.0.3', '200001', '13151815253/zhouzhou', '2017-06-14 16:52:48', null, null);
INSERT INTO `a_result_detail` VALUES ('79', '24', '2', '个人中心-获取用户个人信息', 'POST', '/api/app/usercenter/getUserPersonalInfo', null, 'headImg,userId,useAmount', null, 0x7B22636F6465223A3230302C2264617461223A7B2268656164496D67223A22222C226C6F67696E6E616D65223A223133313531383135323533222C2270686F6E65223A223133313531383135323533222C226E69636B6E616D65466C6167223A66616C73652C226E69636B6E616D65223A227A686F757A686F75222C227573657254797065223A312C22757365724964223A3136363934382C22757365416D6F756E74223A323033352E307D7D, 0x7B22636F6465223A3230302C2264617461223A7B2268656164496D67223A22687474703A2F2F3139322E3136382E3130312E3234322F63646E2F633765612F313333342F313661332F346465372F623364612F343236632F383032612F356230352F63376561313333343136613334646537623364613432366338303261356230352E706E67222C226C6F67696E6E616D65223A223133313531383135323533222C2270686F6E65223A223133313531383135323533222C226E69636B6E616D65466C6167223A66616C73652C226E69636B6E616D65223A227A686F757A686F75222C227573657254797065223A312C22757365724964223A33372C22757365416D6F756E74223A3133313435313434337D7D, 'SUCCESS', null, '1.0.3', '200001', '13151815253/zhouzhou', '2017-06-14 16:52:48', null, null);
INSERT INTO `a_result_detail` VALUES ('80', '24', '1', '个人中心-获取用户金叶子数', 'POST', '/api/app/usercenter/getUseAmount', null, '', null, 0x7B22636F6465223A3230302C2264617461223A3133313435313434337D, 0x7B22636F6465223A3230302C2264617461223A3133313435313434337D, 'SUCCESS', null, '1.0.3', '200001', '13151815253/zhouzhou', '2017-06-14 16:52:48', null, null);
INSERT INTO `a_result_detail` VALUES ('81', '25', '1', '个人中心-获取用户金叶子数', 'POST', '/api/app/usercenter/getUseAmount', null, '', null, 0x7B22636F6465223A3230302C2264617461223A3133313435313434337D, 0x7B22636F6465223A3230302C2264617461223A3133313435313434337D, 'SUCCESS', null, '1.0.3', '100004', '13151815253/zhouzhou', '2017-06-14 17:00:32', null, null);
INSERT INTO `a_result_detail` VALUES ('82', '25', '2', '个人中心-获取用户个人信息', 'POST', '/api/app/usercenter/getUserPersonalInfo', null, 'headImg,userId,useAmount', null, 0x7B22636F6465223A3230302C2264617461223A7B2268656164496D67223A22222C226C6F67696E6E616D65223A223133313531383135323533222C2270686F6E65223A223133313531383135323533222C226E69636B6E616D65466C6167223A66616C73652C226E69636B6E616D65223A227A686F757A686F75222C227573657254797065223A312C22757365724964223A3136363934382C22757365416D6F756E74223A323033352E307D7D, 0x7B22636F6465223A3230302C2264617461223A7B2268656164496D67223A22687474703A2F2F3139322E3136382E3130312E3234322F63646E2F633765612F313333342F313661332F346465372F623364612F343236632F383032612F356230352F63376561313333343136613334646537623364613432366338303261356230352E706E67222C226C6F67696E6E616D65223A223133313531383135323533222C2270686F6E65223A223133313531383135323533222C226E69636B6E616D65466C6167223A66616C73652C226E69636B6E616D65223A227A686F757A686F75222C227573657254797065223A312C22757365724964223A33372C22757365416D6F756E74223A3133313435313434337D7D, 'SUCCESS', null, '1.0.3', '100004', '13151815253/zhouzhou', '2017-06-14 17:00:33', null, null);
INSERT INTO `a_result_detail` VALUES ('83', '25', '1', '个人中心-获取用户金叶子数', 'POST', '/api/app/usercenter/getUseAmount', null, '', null, 0x7B22636F6465223A3230302C2264617461223A3133313435313434337D, 0x7B22636F6465223A3230302C2264617461223A3133313435313434337D, 'SUCCESS', null, '1.0.3', '100004', '13151815253/zhouzhou', '2017-06-14 17:00:33', null, null);
INSERT INTO `a_result_detail` VALUES ('84', '25', '1', '个人中心-获取用户金叶子数', 'POST', '/api/app/usercenter/getUseAmount', null, '', null, 0x7B22636F6465223A3230302C2264617461223A3133313435313434337D, 0x7B22636F6465223A3230302C2264617461223A3133313435313434337D, 'SUCCESS', null, '1.0.3', '200001', '13151815253/zhouzhou', '2017-06-14 17:00:33', null, null);
INSERT INTO `a_result_detail` VALUES ('85', '25', '2', '个人中心-获取用户个人信息', 'POST', '/api/app/usercenter/getUserPersonalInfo', null, 'headImg,userId,useAmount', null, 0x7B22636F6465223A3230302C2264617461223A7B2268656164496D67223A22222C226C6F67696E6E616D65223A223133313531383135323533222C2270686F6E65223A223133313531383135323533222C226E69636B6E616D65466C6167223A66616C73652C226E69636B6E616D65223A227A686F757A686F75222C227573657254797065223A312C22757365724964223A3136363934382C22757365416D6F756E74223A323033352E307D7D, 0x7B22636F6465223A3230302C2264617461223A7B2268656164496D67223A22687474703A2F2F3139322E3136382E3130312E3234322F63646E2F633765612F313333342F313661332F346465372F623364612F343236632F383032612F356230352F63376561313333343136613334646537623364613432366338303261356230352E706E67222C226C6F67696E6E616D65223A223133313531383135323533222C2270686F6E65223A223133313531383135323533222C226E69636B6E616D65466C6167223A66616C73652C226E69636B6E616D65223A227A686F757A686F75222C227573657254797065223A312C22757365724964223A33372C22757365416D6F756E74223A3133313435313434337D7D, 'SUCCESS', null, '1.0.3', '200001', '13151815253/zhouzhou', '2017-06-14 17:00:33', null, null);
INSERT INTO `a_result_detail` VALUES ('86', '25', '1', '个人中心-获取用户金叶子数', 'POST', '/api/app/usercenter/getUseAmount', null, '', null, 0x7B22636F6465223A3230302C2264617461223A3133313435313434337D, 0x7B22636F6465223A3230302C2264617461223A3133313435313434337D, 'SUCCESS', null, '1.0.3', '200001', '13151815253/zhouzhou', '2017-06-14 17:00:33', null, null);
INSERT INTO `a_result_detail` VALUES ('87', '26', '2', '个人中心-获取用户个人信息', 'POST', '/api/app/usercenter/getUserPersonalInfo', null, 'headImg,userId,useAmount', null, 0x7B22636F6465223A3230302C2264617461223A7B2268656164496D67223A22222C226C6F67696E6E616D65223A223133313531383135323533222C2270686F6E65223A223133313531383135323533222C226E69636B6E616D65466C6167223A66616C73652C226E69636B6E616D65223A227A686F757A686F75222C227573657254797065223A312C22757365724964223A3136363934382C22757365416D6F756E74223A323033352E307D7D, 0x7B22636F6465223A3230302C2264617461223A7B2268656164496D67223A22687474703A2F2F3139322E3136382E3130312E3234322F63646E2F633765612F313333342F313661332F346465372F623364612F343236632F383032612F356230352F63376561313333343136613334646537623364613432366338303261356230352E706E67222C226C6F67696E6E616D65223A223133313531383135323533222C2270686F6E65223A223133313531383135323533222C226E69636B6E616D65466C6167223A66616C73652C226E69636B6E616D65223A227A686F757A686F75222C227573657254797065223A312C22757365724964223A33372C22757365416D6F756E74223A3133313435313434337D7D, 'SUCCESS', null, '1.0.3', '100004', '13151815253/zhouzhou', '2017-06-15 15:16:04', null, null);
INSERT INTO `a_result_detail` VALUES ('88', '26', '1', '个人中心-获取用户金叶子数', 'POST', '/api/app/usercenter/getUseAmount', null, '', null, 0x7B22636F6465223A3230302C2264617461223A3133313435313434337D, 0x7B22636F6465223A3230302C2264617461223A3133313435313434337D, 'SUCCESS', null, '1.0.3', '100004', '13151815253/zhouzhou', '2017-06-15 15:16:04', null, null);
INSERT INTO `a_result_detail` VALUES ('89', '26', '2', '个人中心-获取用户个人信息', 'POST', '/api/app/usercenter/getUserPersonalInfo', null, 'headImg,userId,useAmount', null, 0x7B22636F6465223A3230302C2264617461223A7B2268656164496D67223A22222C226C6F67696E6E616D65223A223133313531383135323533222C2270686F6E65223A223133313531383135323533222C226E69636B6E616D65466C6167223A66616C73652C226E69636B6E616D65223A227A686F757A686F75222C227573657254797065223A312C22757365724964223A3136363934382C22757365416D6F756E74223A323033352E307D7D, 0x7B22636F6465223A3230302C2264617461223A7B2268656164496D67223A22687474703A2F2F3139322E3136382E3130312E3234322F63646E2F633765612F313333342F313661332F346465372F623364612F343236632F383032612F356230352F63376561313333343136613334646537623364613432366338303261356230352E706E67222C226C6F67696E6E616D65223A223133313531383135323533222C2270686F6E65223A223133313531383135323533222C226E69636B6E616D65466C6167223A66616C73652C226E69636B6E616D65223A227A686F757A686F75222C227573657254797065223A312C22757365724964223A33372C22757365416D6F756E74223A3133313435313434337D7D, 'SUCCESS', null, '1.0.3', '200001', '13151815253/zhouzhou', '2017-06-15 15:16:04', null, null);
INSERT INTO `a_result_detail` VALUES ('90', '26', '1', '个人中心-获取用户金叶子数', 'POST', '/api/app/usercenter/getUseAmount', null, '', null, 0x7B22636F6465223A3230302C2264617461223A3133313435313434337D, 0x7B22636F6465223A3230302C2264617461223A3133313435313434337D, 'SUCCESS', null, '1.0.3', '200001', '13151815253/zhouzhou', '2017-06-15 15:16:04', null, null);
INSERT INTO `a_result_detail` VALUES ('91', '27', '1', '个人中心-获取用户金叶子数', 'POST', '/api/app/usercenter/getUseAmount', null, '', null, 0x7B22636F6465223A3230302C2264617461223A3133313435313434337D, 0x7B22636F6465223A3230302C2264617461223A3133313435313434337D, 'SUCCESS', null, '1.0.3', '100004', '13151815253/zhouzhou', '2017-06-15 15:16:38', null, null);
INSERT INTO `a_result_detail` VALUES ('92', '27', '2', '个人中心-获取用户个人信息', 'POST', '/api/app/usercenter/getUserPersonalInfo', null, 'headImg,userId,useAmount', null, 0x7B22636F6465223A3230302C2264617461223A7B2268656164496D67223A22222C226C6F67696E6E616D65223A223133313531383135323533222C2270686F6E65223A223133313531383135323533222C226E69636B6E616D65466C6167223A66616C73652C226E69636B6E616D65223A227A686F757A686F75222C227573657254797065223A312C22757365724964223A3136363934382C22757365416D6F756E74223A323033352E307D7D, 0x7B22636F6465223A3230302C2264617461223A7B2268656164496D67223A22687474703A2F2F3139322E3136382E3130312E3234322F63646E2F633765612F313333342F313661332F346465372F623364612F343236632F383032612F356230352F63376561313333343136613334646537623364613432366338303261356230352E706E67222C226C6F67696E6E616D65223A223133313531383135323533222C2270686F6E65223A223133313531383135323533222C226E69636B6E616D65466C6167223A66616C73652C226E69636B6E616D65223A227A686F757A686F75222C227573657254797065223A312C22757365724964223A33372C22757365416D6F756E74223A3133313435313434337D7D, 'SUCCESS', null, '1.0.3', '100004', '13151815253/zhouzhou', '2017-06-15 15:16:38', null, null);
INSERT INTO `a_result_detail` VALUES ('93', '27', '1', '个人中心-获取用户金叶子数', 'POST', '/api/app/usercenter/getUseAmount', null, '', null, 0x7B22636F6465223A3230302C2264617461223A3133313435313434337D, 0x7B22636F6465223A3230302C2264617461223A3133313435313434337D, 'SUCCESS', null, '1.0.3', '100004', '13151815253/zhouzhou', '2017-06-15 15:16:38', null, null);
INSERT INTO `a_result_detail` VALUES ('94', '27', '1', '个人中心-获取用户金叶子数', 'POST', '/api/app/usercenter/getUseAmount', null, '', null, 0x7B22636F6465223A3230302C2264617461223A3133313435313434337D, 0x7B22636F6465223A3230302C2264617461223A3133313435313434337D, 'SUCCESS', null, '1.0.3', '200001', '13151815253/zhouzhou', '2017-06-15 15:16:38', null, null);
INSERT INTO `a_result_detail` VALUES ('95', '27', '2', '个人中心-获取用户个人信息', 'POST', '/api/app/usercenter/getUserPersonalInfo', null, 'headImg,userId,useAmount', null, 0x7B22636F6465223A3230302C2264617461223A7B2268656164496D67223A22222C226C6F67696E6E616D65223A223133313531383135323533222C2270686F6E65223A223133313531383135323533222C226E69636B6E616D65466C6167223A66616C73652C226E69636B6E616D65223A227A686F757A686F75222C227573657254797065223A312C22757365724964223A3136363934382C22757365416D6F756E74223A323033352E307D7D, 0x7B22636F6465223A3230302C2264617461223A7B2268656164496D67223A22687474703A2F2F3139322E3136382E3130312E3234322F63646E2F633765612F313333342F313661332F346465372F623364612F343236632F383032612F356230352F63376561313333343136613334646537623364613432366338303261356230352E706E67222C226C6F67696E6E616D65223A223133313531383135323533222C2270686F6E65223A223133313531383135323533222C226E69636B6E616D65466C6167223A66616C73652C226E69636B6E616D65223A227A686F757A686F75222C227573657254797065223A312C22757365724964223A33372C22757365416D6F756E74223A3133313435313434337D7D, 'SUCCESS', null, '1.0.3', '200001', '13151815253/zhouzhou', '2017-06-15 15:16:39', null, null);
INSERT INTO `a_result_detail` VALUES ('96', '27', '1', '个人中心-获取用户金叶子数', 'POST', '/api/app/usercenter/getUseAmount', null, '', null, 0x7B22636F6465223A3230302C2264617461223A3133313435313434337D, 0x7B22636F6465223A3230302C2264617461223A3133313435313434337D, 'SUCCESS', null, '1.0.3', '200001', '13151815253/zhouzhou', '2017-06-15 15:16:39', null, null);
INSERT INTO `a_result_detail` VALUES ('97', '28', '2', '个人中心-获取用户个人信息', 'POST', '/api/app/usercenter/getUserPersonalInfo', null, 'headImg,userId,useAmount', null, 0x7B22636F6465223A3230302C2264617461223A7B2268656164496D67223A22222C226C6F67696E6E616D65223A223133313531383135323533222C2270686F6E65223A223133313531383135323533222C226E69636B6E616D65466C6167223A66616C73652C226E69636B6E616D65223A227A686F757A686F75222C227573657254797065223A312C22757365724964223A3136363934382C22757365416D6F756E74223A323033352E307D7D, 0x7B22636F6465223A3230302C2264617461223A7B2268656164496D67223A22687474703A2F2F3139322E3136382E3130312E3234322F63646E2F633765612F313333342F313661332F346465372F623364612F343236632F383032612F356230352F63376561313333343136613334646537623364613432366338303261356230352E706E67222C226C6F67696E6E616D65223A223133313531383135323533222C2270686F6E65223A223133313531383135323533222C226E69636B6E616D65466C6167223A66616C73652C226E69636B6E616D65223A227A686F757A686F75222C227573657254797065223A312C22757365724964223A33372C22757365416D6F756E74223A3133313435313434337D7D, 'SUCCESS', null, '1.0.3', '100004', '13151815253/zhouzhou', '2017-06-16 09:16:40', null, null);
INSERT INTO `a_result_detail` VALUES ('98', '28', '1', '个人中心-获取用户金叶子数', 'POST', '/api/app/usercenter/getUseAmount', null, '', null, 0x7B22636F6465223A3230302C2264617461223A3133313435313434337D, 0x7B22636F6465223A3230302C2264617461223A3133313435313434337D, 'SUCCESS', null, '1.0.3', '100004', '13151815253/zhouzhou', '2017-06-16 09:16:40', null, null);
INSERT INTO `a_result_detail` VALUES ('99', '28', '2', '个人中心-获取用户个人信息', 'POST', '/api/app/usercenter/getUserPersonalInfo', null, 'headImg,userId,useAmount', null, 0x7B22636F6465223A3230302C2264617461223A7B2268656164496D67223A22222C226C6F67696E6E616D65223A223133313531383135323533222C2270686F6E65223A223133313531383135323533222C226E69636B6E616D65466C6167223A66616C73652C226E69636B6E616D65223A227A686F757A686F75222C227573657254797065223A312C22757365724964223A3136363934382C22757365416D6F756E74223A323033352E307D7D, 0x7B22636F6465223A3230302C2264617461223A7B2268656164496D67223A22687474703A2F2F3139322E3136382E3130312E3234322F63646E2F633765612F313333342F313661332F346465372F623364612F343236632F383032612F356230352F63376561313333343136613334646537623364613432366338303261356230352E706E67222C226C6F67696E6E616D65223A223133313531383135323533222C2270686F6E65223A223133313531383135323533222C226E69636B6E616D65466C6167223A66616C73652C226E69636B6E616D65223A227A686F757A686F75222C227573657254797065223A312C22757365724964223A33372C22757365416D6F756E74223A3133313435313434337D7D, 'SUCCESS', null, '1.0.3', '200001', '13151815253/zhouzhou', '2017-06-16 09:16:41', null, null);
INSERT INTO `a_result_detail` VALUES ('100', '28', '1', '个人中心-获取用户金叶子数', 'POST', '/api/app/usercenter/getUseAmount', null, '', null, 0x7B22636F6465223A3230302C2264617461223A3133313435313434337D, 0x7B22636F6465223A3230302C2264617461223A3133313435313434337D, 'SUCCESS', null, '1.0.3', '200001', '13151815253/zhouzhou', '2017-06-16 09:16:41', null, null);
INSERT INTO `a_result_detail` VALUES ('101', '29', '2', '个人中心-获取用户个人信息', 'POST', '/api/app/usercenter/getUserPersonalInfo', null, 'headImg,userId,useAmount', null, 0x7B22636F6465223A3230302C2264617461223A7B2268656164496D67223A22222C226C6F67696E6E616D65223A223133313531383135323533222C2270686F6E65223A223133313531383135323533222C226E69636B6E616D65466C6167223A66616C73652C226E69636B6E616D65223A227A686F757A686F75222C227573657254797065223A312C22757365724964223A3136363934382C22757365416D6F756E74223A323033352E307D7D, 0x7B22636F6465223A3230302C2264617461223A7B2268656164496D67223A22687474703A2F2F3139322E3136382E3130312E3234322F63646E2F633765612F313333342F313661332F346465372F623364612F343236632F383032612F356230352F63376561313333343136613334646537623364613432366338303261356230352E706E67222C226C6F67696E6E616D65223A223133313531383135323533222C2270686F6E65223A223133313531383135323533222C226E69636B6E616D65466C6167223A66616C73652C226E69636B6E616D65223A227A686F757A686F75222C227573657254797065223A312C22757365724964223A33372C22757365416D6F756E74223A3133313435313434337D7D, 'SUCCESS', null, '1.0.3', '100004', '13151815253/zhouzhou', '2017-06-16 09:18:18', null, null);
INSERT INTO `a_result_detail` VALUES ('102', '29', '1', '个人中心-获取用户金叶子数', 'POST', '/api/app/usercenter/getUseAmount', null, '', null, 0x7B22636F6465223A3230302C2264617461223A323033352E307D, 0x7B22636F6465223A3230302C2264617461223A3133313435313434337D, 'FAILURE', null, '1.0.3', '100004', '13151815253/zhouzhou', '2017-06-16 09:18:18', null, null);
INSERT INTO `a_result_detail` VALUES ('103', '29', '2', '个人中心-获取用户个人信息', 'POST', '/api/app/usercenter/getUserPersonalInfo', null, 'headImg,userId,useAmount', null, 0x7B22636F6465223A3230302C2264617461223A7B2268656164496D67223A22222C226C6F67696E6E616D65223A223133313531383135323533222C2270686F6E65223A223133313531383135323533222C226E69636B6E616D65466C6167223A66616C73652C226E69636B6E616D65223A227A686F757A686F75222C227573657254797065223A312C22757365724964223A3136363934382C22757365416D6F756E74223A323033352E307D7D, 0x7B22636F6465223A3230302C2264617461223A7B2268656164496D67223A22687474703A2F2F3139322E3136382E3130312E3234322F63646E2F633765612F313333342F313661332F346465372F623364612F343236632F383032612F356230352F63376561313333343136613334646537623364613432366338303261356230352E706E67222C226C6F67696E6E616D65223A223133313531383135323533222C2270686F6E65223A223133313531383135323533222C226E69636B6E616D65466C6167223A66616C73652C226E69636B6E616D65223A227A686F757A686F75222C227573657254797065223A312C22757365724964223A33372C22757365416D6F756E74223A3133313435313434337D7D, 'SUCCESS', null, '1.0.3', '200001', '13151815253/zhouzhou', '2017-06-16 09:18:19', null, null);
INSERT INTO `a_result_detail` VALUES ('104', '29', '1', '个人中心-获取用户金叶子数', 'POST', '/api/app/usercenter/getUseAmount', null, '', null, 0x7B22636F6465223A3230302C2264617461223A323033352E307D, 0x7B22636F6465223A3230302C2264617461223A3133313435313434337D, 'FAILURE', null, '1.0.3', '200001', '13151815253/zhouzhou', '2017-06-16 09:18:19', null, null);
INSERT INTO `a_result_detail` VALUES ('105', '30', '1', '个人中心-获取用户金叶子数', 'POST', '/api/app/usercenter/getUseAmount', null, '', null, 0x7B22636F6465223A3230302C2264617461223A323033352E307D, 0x7B22636F6465223A3230302C2264617461223A3133313435313434337D, 'FAILURE', null, '1.0.3', '100004', '13151815253/zhouzhou', '2017-06-16 10:07:29', null, null);
INSERT INTO `a_result_detail` VALUES ('106', '30', '1', '个人中心-获取用户金叶子数', 'POST', '/api/app/usercenter/getUseAmount', null, '', null, 0x7B22636F6465223A3230302C2264617461223A323033352E307D, 0x7B22636F6465223A3230302C2264617461223A3133313435313434337D, 'FAILURE', null, '1.0.3', '200001', '13151815253/zhouzhou', '2017-06-16 10:07:29', null, null);
INSERT INTO `a_result_detail` VALUES ('107', '31', '2', '个人中心-获取用户个人信息', 'POST', '/api/app/usercenter/getUserPersonalInfo', null, 'headImg,userId,useAmount', null, 0x7B22636F6465223A3430312C226D657373616765223A22E794A8E688B7E6B2A1E69C89E799BBE5BD95227D, 0x7B22636F6465223A3430312C226D657373616765223A22E794A8E688B7E6B2A1E69C89E799BBE5BD95227D, 'SUCCESS', null, '1.0.3', '200001', null, '2017-06-16 10:24:14', null, null);
INSERT INTO `a_result_detail` VALUES ('108', '31', '1', '个人中心-获取用户金叶子数', 'POST', '/api/app/usercenter/getUseAmount', null, '', null, 0x7B22636F6465223A3430312C226D657373616765223A22E794A8E688B7E6B2A1E69C89E799BBE5BD95227D, 0x7B22636F6465223A3430312C226D657373616765223A22E794A8E688B7E6B2A1E69C89E799BBE5BD95227D, 'SUCCESS', null, '1.0.3', '200001', null, '2017-06-16 10:24:14', null, null);
INSERT INTO `a_result_detail` VALUES ('109', '31', '2', '个人中心-获取用户个人信息', 'POST', '/api/app/usercenter/getUserPersonalInfo', null, 'headImg,userId,useAmount', null, 0x7B22636F6465223A3430312C226D657373616765223A22E794A8E688B7E6B2A1E69C89E799BBE5BD95227D, 0x7B22636F6465223A3430312C226D657373616765223A22E794A8E688B7E6B2A1E69C89E799BBE5BD95227D, 'SUCCESS', null, '1.0.3', '100004', null, '2017-06-16 10:24:17', null, null);
INSERT INTO `a_result_detail` VALUES ('110', '31', '1', '个人中心-获取用户金叶子数', 'POST', '/api/app/usercenter/getUseAmount', null, '', null, 0x7B22636F6465223A3430312C226D657373616765223A22E794A8E688B7E6B2A1E69C89E799BBE5BD95227D, 0x7B22636F6465223A3430312C226D657373616765223A22E794A8E688B7E6B2A1E69C89E799BBE5BD95227D, 'SUCCESS', null, '1.0.3', '100004', null, '2017-06-16 10:24:17', null, null);
INSERT INTO `a_result_detail` VALUES ('111', '32', '2', '个人中心-获取用户个人信息', 'POST', '/api/app/usercenter/getUserPersonalInfo', null, 'headImg,userId,useAmount', null, 0x7B22636F6465223A3230302C2264617461223A7B2268656164496D67223A22222C226C6F67696E6E616D65223A223133313531383135323533222C2270686F6E65223A223133313531383135323533222C226E69636B6E616D65466C6167223A66616C73652C226E69636B6E616D65223A227A686F757A686F75222C227573657254797065223A312C22757365724964223A3136363934382C22757365416D6F756E74223A323033352E307D7D, 0x7B22636F6465223A3230302C2264617461223A7B2268656164496D67223A22687474703A2F2F3139322E3136382E3130312E3234322F63646E2F633765612F313333342F313661332F346465372F623364612F343236632F383032612F356230352F63376561313333343136613334646537623364613432366338303261356230352E706E67222C226C6F67696E6E616D65223A223133313531383135323533222C2270686F6E65223A223133313531383135323533222C226E69636B6E616D65466C6167223A66616C73652C226E69636B6E616D65223A227A686F757A686F75222C227573657254797065223A312C22757365724964223A33372C22757365416D6F756E74223A3133313435313434337D7D, 'SUCCESS', null, '1.0.3', '100004', '13151815253/zhouzhou', '2017-06-19 15:52:19', null, null);
INSERT INTO `a_result_detail` VALUES ('112', '32', '1', '个人中心-获取用户金叶子数', 'POST', '/api/app/usercenter/getUseAmount', null, '', null, 0x7B22636F6465223A3230302C2264617461223A323033352E307D, 0x7B22636F6465223A3230302C2264617461223A3133313435313434337D, 'FAILURE', null, '1.0.3', '100004', '13151815253/zhouzhou', '2017-06-19 15:52:19', null, null);
INSERT INTO `a_result_detail` VALUES ('113', '32', '2', '个人中心-获取用户个人信息', 'POST', '/api/app/usercenter/getUserPersonalInfo', null, 'headImg,userId,useAmount', null, 0x7B22636F6465223A3230302C2264617461223A7B2268656164496D67223A22222C226C6F67696E6E616D65223A223133313531383135323533222C2270686F6E65223A223133313531383135323533222C226E69636B6E616D65466C6167223A66616C73652C226E69636B6E616D65223A227A686F757A686F75222C227573657254797065223A312C22757365724964223A3136363934382C22757365416D6F756E74223A323033352E307D7D, 0x7B22636F6465223A3230302C2264617461223A7B2268656164496D67223A22687474703A2F2F3139322E3136382E3130312E3234322F63646E2F633765612F313333342F313661332F346465372F623364612F343236632F383032612F356230352F63376561313333343136613334646537623364613432366338303261356230352E706E67222C226C6F67696E6E616D65223A223133313531383135323533222C2270686F6E65223A223133313531383135323533222C226E69636B6E616D65466C6167223A66616C73652C226E69636B6E616D65223A227A686F757A686F75222C227573657254797065223A312C22757365724964223A33372C22757365416D6F756E74223A3133313435313434337D7D, 'SUCCESS', null, '1.0.3', '200001', '13151815253/zhouzhou', '2017-06-19 15:52:20', null, null);
INSERT INTO `a_result_detail` VALUES ('114', '32', '1', '个人中心-获取用户金叶子数', 'POST', '/api/app/usercenter/getUseAmount', null, '', null, 0x7B22636F6465223A3230302C2264617461223A323033352E307D, 0x7B22636F6465223A3230302C2264617461223A3133313435313434337D, 'FAILURE', null, '1.0.3', '200001', '13151815253/zhouzhou', '2017-06-19 15:52:20', null, null);
INSERT INTO `a_result_detail` VALUES ('115', '34', '3', '个人中心-消息-未读数量', 'POST', '/api/app/usermessage/getUnreadCount', null, '', null, 0x7B22636F6465223A3230302C2264617461223A7B22756E52656164223A302C22756E52656164427955736572223A302C22756E52656164427953797374656D223A307D7D, 0x7B22636F6465223A3230302C2264617461223A7B22756E52656164223A302C22756E52656164427955736572223A302C22756E52656164427953797374656D223A307D7D, 'SUCCESS', null, '1.0.5', '200001', '13151815253/zhouzhou', '2017-06-20 09:26:00', null, null);
INSERT INTO `a_result_detail` VALUES ('116', '39', '3', '个人中心-消息-未读数量', 'POST', '/api/app/usermessage/getUnreadCount', null, '', null, 0x7B22636F6465223A3430312C226D657373616765223A22E794A8E688B7E6B2A1E69C89E799BBE5BD95227D, 0x7B22636F6465223A3430312C226D657373616765223A22E794A8E688B7E6B2A1E69C89E799BBE5BD95227D, 'SUCCESS', null, '1.0.5', '1010', null, '2017-06-20 11:29:42', null, null);
INSERT INTO `a_result_detail` VALUES ('117', '44', '4', '用户信息——轮播图', 'GET', '/api/banner/list', '', '', null, 0x7B7D, 0x7B22636F6465223A3230302C2264617461223A5B5D7D, 'FAILURE', null, '1.0.3', '100004', '13151815253/zhouzhou', '2017-06-23 10:39:54', null, null);
INSERT INTO `a_result_detail` VALUES ('118', '44', '4', '用户信息——轮播图', 'GET', '/api/banner/list', '', '', null, 0x7B7D, 0x7B22636F6465223A3230302C2264617461223A5B7B22696D616765223A22687474703A2F2F3139322E3136382E3130312E3234322F63646E2F323465382F356338662F363937642F343965652F396636342F353461662F326430372F663065612F32346538356338663639376434396565396636343534616632643037663065612E706E67222C226E616D65223A22E5B08FE7B1B3E8BDAEE692AD31222C226964223A32322C2274797065223A302C2275726C223A22687474703A2F2F3139322E3136382E3130312E3234322F646172742F227D2C7B22696D616765223A22687474703A2F2F3139322E3136382E3130312E3234322F63646E2F333166342F396439362F333733382F343834332F616639322F613935372F363663612F326234362F33316634396439363337333834383433616639326139353736366361326234362E6A7067222C226E616D65223A22313130222C226964223A32352C2274797065223A302C2275726C223A22313131227D2C7B22696D616765223A22687474703A2F2F3139322E3136382E3130312E3234322F63646E2F62616E6E65722F62616E6E65725F6170705F312E706E67222C226E616D65223A22E8B282E89D89E4BF9DE58DABE68898222C226964223A32372C2274797065223A322C2275726C223A22687474703A2F2F3139322E3136382E3130312E3234322F73616D67756B227D2C7B22696D616765223A22687474703A2F2F3139322E3136382E3130312E3234322F63646E2F62616E6E65722F62616E6E65725F6170705F322E706E67222C226E616D65223A22E6A2A6E683B3E6A18CE79083222C226964223A32362C2274797065223A322C2275726C223A22687474703A2F2F3139322E3136382E3130312E3234322F62696C6C69617264732F227D2C7B22696D616765223A22687474703A2F2F3139322E3136382E3130312E3234322F63646E2F646362632F396664392F366330652F343733382F393266332F383265372F626437342F393265382F64636263396664393663306534373338393266333832653762643734393265382E706E67222C226E616D65223A22E5BEAEE68B93E58585E580BCE6B4BBE58AA8222C226964223A312C2274797065223A322C2275726C223A22687474703A2F2F3139322E3136382E3130312E3234322F7761702F636F6D6D6F6E2F232F72656365697665227D5D7D, 'FAILURE', null, '1.0.3', '200001', '13151815253/zhouzhou', '2017-06-23 10:39:54', null, null);
INSERT INTO `a_result_detail` VALUES ('119', '45', '4', '用户信息——轮播图', 'GET', '/api/banner/list', 'api_platform', '', null, 0x7B7D, 0x7B22636F6465223A3230302C2264617461223A5B5D7D, 'FAILURE', null, '1.0.3', '100004', '13151815253/zhouzhou', '2017-06-23 10:41:14', null, null);
INSERT INTO `a_result_detail` VALUES ('120', '45', '4', '用户信息——轮播图', 'GET', '/api/banner/list', 'api_platform', '', null, 0x7B7D, 0x7B22636F6465223A3230302C2264617461223A5B7B22696D616765223A222F63646E2F323465382F356338662F363937642F343965652F396636342F353461662F326430372F663065612F32346538356338663639376434396565396636343534616632643037663065612E706E67222C226964223A32322C2274797065223A302C2275726C223A22687474703A2F2F3139322E3136382E3130312E3234322F646172742F227D2C7B22696D616765223A222F63646E2F333166342F396439362F333733382F343834332F616639322F613935372F363663612F326234362F33316634396439363337333834383433616639326139353736366361326234362E6A7067222C226964223A32352C2274797065223A302C2275726C223A22313131227D2C7B22696D616765223A222F63646E2F62616E6E65722F62616E6E65725F6170705F312E706E67222C226964223A32372C2274797065223A322C2275726C223A22687474703A2F2F3139322E3136382E3130312E3234322F73616D67756B227D2C7B22696D616765223A222F63646E2F62616E6E65722F62616E6E65725F6170705F322E706E67222C226964223A32362C2274797065223A322C2275726C223A22687474703A2F2F3139322E3136382E3130312E3234322F62696C6C69617264732F227D2C7B22696D616765223A222F63646E2F646362632F396664392F366330652F343733382F393266332F383265372F626437342F393265382F64636263396664393663306534373338393266333832653762643734393265382E706E67222C226964223A312C2274797065223A322C2275726C223A22687474703A2F2F3139322E3136382E3130312E3234322F7761702F636F6D6D6F6E2F232F72656365697665227D5D7D, 'FAILURE', null, '1.0.3', '200001', '13151815253/zhouzhou', '2017-06-23 10:41:14', null, null);
INSERT INTO `a_result_detail` VALUES ('121', '47', '4', '用户信息——轮播图', 'GET', '/api/banner/list', 'api_platform', '', null, 0x7B7D, 0x7B22636F6465223A3230302C2264617461223A5B7B22696D616765223A222F63646E2F62616E6E65722F62616E6E65725F7975616E7869616F2E706E67222C226964223A31332C2274797065223A312C2275726C223A22726562617465227D2C7B22696D616765223A222F63646E2F62616E6E65722F62696C6C5F373230583237362E706E67222C226964223A372C2274797065223A312C2275726C223A222F62696C6C69617264732F227D2C7B22696D616765223A222F63646E2F62616E6E65722F73616E67756F2E706E67222C226964223A31322C2274797065223A312C2275726C223A222F73616D67756B2F227D2C7B22696D616765223A222F63646E2F62616E6E65722F796C6A735F6C625F62616E6E65722E706E67222C226964223A31312C2274797065223A312C2275726C223A222F64617274227D2C7B22696D616765223A222F67726F7570312F4D30302F30302F30302F774B686C36466B314A696D4144324175414142455957584B614E493930312E706E67222C226964223A31302C2274797065223A312C2275726C223A227265636861726765227D2C7B22696D616765223A222F67726F7570312F4D30302F30302F30302F774B686C36466B336370614166644333414142676748457567554D3932372E706E67222C226964223A392C2274797065223A302C2275726C223A222F72696E672F227D2C7B22696D616765223A222F67726F7570312F4D30302F30302F30302F774B686C36466B3363732D41634F3674414146494F654258316B553535352E706E67222C226964223A362C2274797065223A312C2275726C223A222F646172742F227D5D7D, 'FAILURE', null, 'V2.8.7', '100001', '13151815253/zhouzhou', '2017-06-23 10:43:41', null, null);
INSERT INTO `a_result_detail` VALUES ('122', '54', '4', '用户信息——轮播图', 'GET', '/api/banner/list2', 'api_platform', '', null, 0x7B7D, null, 'FAILURE', '404-->[GET:http://192.168.101.242/api_platform/api/banner/list2],[Authorization:6d300a61cc054eef8fcdcb1a4ebc7c2a],[Version:V2.8.7],[Channel:100001]', 'V2.8.7', '100001', '13151815253/zhouzhou', '2017-06-23 11:47:50', null, null);
INSERT INTO `a_result_detail` VALUES ('123', '55', '4', '用户信息——轮播图', 'GET', '/api/banner/list2', 'api_platform', '', null, 0x7B7D, null, 'FAILURE', '404-->[GET:http://192.168.101.242/api_platform/api/banner/list2],[Authorization:ef411d43f8674de49a3b5a487bbfa01a],[Version:V2.8.7],[Channel:100001]', 'V2.8.7', '100001', '13151815253/zhouzhou', '2017-06-23 14:58:06', null, null);
INSERT INTO `a_result_detail` VALUES ('124', '56', '1', '个人中心-获取用户金叶子数', 'POST', '/api/app/usercenter/getUseAmount', null, '', null, 0x7B22636F6465223A3230302C2264617461223A323033352E307D, 0x7B22636F6465223A3230302C2264617461223A3133313435313434337D, 'FAILURE', null, '1.0.3', '100004', '13151815253/zhouzhou', '2017-06-27 14:53:02', null, null);
INSERT INTO `a_result_detail` VALUES ('125', '56', '2', '个人中心-获取用户个人信息', 'POST', '/api/app/usercenter/getUserPersonalInfo', null, 'headImg,userId,useAmount', null, 0x7B22636F6465223A3230302C2264617461223A7B2268656164496D67223A22222C226C6F67696E6E616D65223A223133313531383135323533222C2270686F6E65223A223133313531383135323533222C226E69636B6E616D65466C6167223A66616C73652C226E69636B6E616D65223A227A686F757A686F75222C227573657254797065223A312C22757365724964223A3136363934382C22757365416D6F756E74223A323033352E307D7D, 0x7B22636F6465223A3230302C2264617461223A7B2268656164496D67223A22687474703A2F2F3139322E3136382E3130312E3234322F63646E2F633765612F313333342F313661332F346465372F623364612F343236632F383032612F356230352F63376561313333343136613334646537623364613432366338303261356230352E706E67222C226C6F67696E6E616D65223A223133313531383135323533222C2270686F6E65223A223133313531383135323533222C226E69636B6E616D65466C6167223A66616C73652C226E69636B6E616D65223A227A686F757A686F75222C227573657254797065223A312C22757365724964223A33372C22757365416D6F756E74223A3133313435313434337D7D, 'SUCCESS', null, '1.0.3', '100004', '13151815253/zhouzhou', '2017-06-27 14:53:02', null, null);
INSERT INTO `a_result_detail` VALUES ('126', '56', '1', '个人中心-获取用户金叶子数', 'POST', '/api/app/usercenter/getUseAmount', null, '', null, 0x7B22636F6465223A3230302C2264617461223A323033352E307D, 0x7B22636F6465223A3230302C2264617461223A3133313435313434337D, 'FAILURE', null, '1.0.3', '100004', '13151815253/zhouzhou', '2017-06-27 14:53:02', null, null);
INSERT INTO `a_result_detail` VALUES ('127', '56', '1', '个人中心-获取用户金叶子数', 'POST', '/api/app/usercenter/getUseAmount', null, '', null, 0x7B22636F6465223A3230302C2264617461223A323033352E307D, 0x7B22636F6465223A3230302C2264617461223A3133313435313434337D, 'FAILURE', null, '1.0.3', '200001', '13151815253/zhouzhou', '2017-06-27 14:53:03', null, null);
INSERT INTO `a_result_detail` VALUES ('128', '56', '2', '个人中心-获取用户个人信息', 'POST', '/api/app/usercenter/getUserPersonalInfo', null, 'headImg,userId,useAmount', null, 0x7B22636F6465223A3230302C2264617461223A7B2268656164496D67223A22222C226C6F67696E6E616D65223A223133313531383135323533222C2270686F6E65223A223133313531383135323533222C226E69636B6E616D65466C6167223A66616C73652C226E69636B6E616D65223A227A686F757A686F75222C227573657254797065223A312C22757365724964223A3136363934382C22757365416D6F756E74223A323033352E307D7D, 0x7B22636F6465223A3230302C2264617461223A7B2268656164496D67223A22687474703A2F2F3139322E3136382E3130312E3234322F63646E2F633765612F313333342F313661332F346465372F623364612F343236632F383032612F356230352F63376561313333343136613334646537623364613432366338303261356230352E706E67222C226C6F67696E6E616D65223A223133313531383135323533222C2270686F6E65223A223133313531383135323533222C226E69636B6E616D65466C6167223A66616C73652C226E69636B6E616D65223A227A686F757A686F75222C227573657254797065223A312C22757365724964223A33372C22757365416D6F756E74223A3133313435313434337D7D, 'SUCCESS', null, '1.0.3', '200001', '13151815253/zhouzhou', '2017-06-27 14:53:03', null, null);
INSERT INTO `a_result_detail` VALUES ('129', '56', '1', '个人中心-获取用户金叶子数', 'POST', '/api/app/usercenter/getUseAmount', null, '', null, 0x7B22636F6465223A3230302C2264617461223A323033352E307D, 0x7B22636F6465223A3230302C2264617461223A3133313435313434337D, 'FAILURE', null, '1.0.3', '200001', '13151815253/zhouzhou', '2017-06-27 14:53:03', null, null);
INSERT INTO `a_result_detail` VALUES ('130', '63', '3', '个人中心-消息-未读数量', 'POST', '/api/app/usermessage/getUnreadCount', null, '', null, 0x7B22636F6465223A3230302C2264617461223A7B22756E52656164223A302C22756E52656164427955736572223A302C22756E52656164427953797374656D223A307D7D, 0x7B22636F6465223A3230302C2264617461223A7B22756E52656164223A302C22756E52656164427955736572223A302C22756E52656164427953797374656D223A307D7D, 'SUCCESS', null, '1.0.5', '200001', '13151815253/zhouzhou', '2017-06-29 14:31:14', null, null);
INSERT INTO `a_result_detail` VALUES ('131', '64', '3', '个人中心-消息-未读数量', 'POST', '/api/app/usermessage/getUnreadCount', null, '', null, 0x7B22636F6465223A3230302C2264617461223A7B22756E52656164223A302C22756E52656164427955736572223A302C22756E52656164427953797374656D223A307D7D, 0x7B22636F6465223A3230302C2264617461223A7B22756E52656164223A302C22756E52656164427955736572223A302C22756E52656164427953797374656D223A307D7D, 'SUCCESS', null, '1.0.5', '200001', '13151815555/9b9374ca02ee4142a3a64fd90d3756cd,08e9c26cc56b41b78c0ec4216d37bb7b', '2017-06-29 14:32:57', null, null);
INSERT INTO `a_result_detail` VALUES ('132', '65', '3', '个人中心-消息-未读数量', 'POST', '/api/app/usermessage/getUnreadCount', null, '', null, 0x7B7D, 0x7B22636F6465223A3230302C2264617461223A7B22756E52656164223A302C22756E52656164427955736572223A302C22756E52656164427953797374656D223A307D7D, 'FAILURE', null, '1.0.5', '200001', '13151815555/9b9374ca02ee4142a3a64fd90d3756cd,08e9c26cc56b41b78c0ec4216d37bb7b', '2017-06-29 14:34:27', null, null);
INSERT INTO `a_result_detail` VALUES ('133', '66', '3', '个人中心-消息-未读数量', 'POST', '/api/app/usermessage/getUnreadCount', null, '', null, 0x7B7D, 0x7B22636F6465223A3230302C2264617461223A7B22756E52656164223A302C22756E52656164427955736572223A302C22756E52656164427953797374656D223A307D7D, 'FAILURE', null, '1.0.5', '200001', '13151815555/9b9374ca02ee4142a3a64fd90d3756cd,08e9c26cc56b41b78c0ec4216d37bb7b', '2017-06-29 16:19:33', null, null);

-- ----------------------------
-- Table structure for a_task
-- ----------------------------
DROP TABLE IF EXISTS `a_task`;
CREATE TABLE `a_task` (
  `id` int(11) NOT NULL AUTO_INCREMENT,
  `project_id` int(11) NOT NULL,
  `version_id` int(11) NOT NULL,
  `account_id` int(11) DEFAULT NULL,
  `run_flag` int(1) NOT NULL,
  `run_time` varchar(5) COLLATE utf8_bin NOT NULL,
  `createby` varchar(255) COLLATE utf8_bin NOT NULL,
  `runby` varchar(255) COLLATE utf8_bin DEFAULT NULL,
  `create_time` datetime DEFAULT NULL,
  `update_time` datetime DEFAULT NULL,
  `memo` varchar(255) COLLATE utf8_bin DEFAULT NULL,
  PRIMARY KEY (`id`)
) ENGINE=InnoDB AUTO_INCREMENT=4 DEFAULT CHARSET=utf8 COLLATE=utf8_bin;

-- ----------------------------
-- Records of a_task
-- ----------------------------
INSERT INTO `a_task` VALUES ('2', '1', '1', '1', '1', '16:40', 'zhouzhou', 'zhouzhou', '2017-06-21 17:12:51', '2017-06-27 16:38:12', null);
INSERT INTO `a_task` VALUES ('3', '2', '2', '1', '0', '06:30', 'zhouzhou', 'zhouzhou', '2017-06-21 17:14:08', '2017-06-29 17:18:21', null);

-- ----------------------------
-- Table structure for a_user
-- ----------------------------
DROP TABLE IF EXISTS `a_user`;
CREATE TABLE `a_user` (
  `id` int(11) NOT NULL AUTO_INCREMENT,
  `username` varchar(255) COLLATE utf8_bin NOT NULL,
  `password` varchar(255) COLLATE utf8_bin NOT NULL,
  `email` varchar(255) COLLATE utf8_bin NOT NULL,
  `create_time` datetime DEFAULT NULL,
  `update_time` datetime DEFAULT NULL,
  `memo` varchar(255) COLLATE utf8_bin DEFAULT NULL,
  PRIMARY KEY (`id`),
  UNIQUE KEY `username_unique` (`username`) USING HASH
) ENGINE=InnoDB AUTO_INCREMENT=3 DEFAULT CHARSET=utf8 COLLATE=utf8_bin;

-- ----------------------------
-- Records of a_user
-- ----------------------------
INSERT INTO `a_user` VALUES ('1', 'admin', '21232f297a57a5a743894a0e4a801fc3', 'zhouzhou@jddfun.com', '2017-06-09 17:47:55', null, null);
INSERT INTO `a_user` VALUES ('2', 'zhouzhou', 'e10adc3949ba59abbe56e057f20f883e', 'zhouzhou@jddfun.com', '2017-06-09 17:48:18', null, null);

-- ----------------------------
-- Table structure for a_version
-- ----------------------------
DROP TABLE IF EXISTS `a_version`;
CREATE TABLE `a_version` (
  `id` int(11) NOT NULL AUTO_INCREMENT,
  `version` varchar(255) COLLATE utf8_bin NOT NULL,
  `channel` varchar(2048) COLLATE utf8_bin NOT NULL,
  `create_time` datetime DEFAULT NULL,
  `update_time` datetime DEFAULT NULL,
  `memo` varchar(255) COLLATE utf8_bin DEFAULT NULL,
  PRIMARY KEY (`id`)
) ENGINE=InnoDB AUTO_INCREMENT=4 DEFAULT CHARSET=utf8 COLLATE=utf8_bin;

-- ----------------------------
-- Records of a_version
-- ----------------------------
INSERT INTO `a_version` VALUES ('1', '1.0.3', '100004,200001', '2017-06-09 17:49:33', '2017-06-14 10:18:36', null);
INSERT INTO `a_version` VALUES ('2', '1.0.5', '200001', '2017-06-13 09:22:59', '2017-06-20 14:03:23', null);
INSERT INTO `a_version` VALUES ('3', 'V2.8.7', '100001', '2017-06-23 10:37:41', null, null);
